detector_recall,luc3d_idf1,sleap_idf1,bytetrack_idf1
1.0,1.0,1.0,0.776226319033101
1.0,1.0,1.0,0.8860245840038283
1.0,1.0,1.0,0.9940876056983039
1.0,1.0,1.0,0.9892676031147247
1.0,1.0,1.0,0.9880728716170238
1.0,1.0,1.0,0.9986877959734147
0.9992116627249078,0.9994855781900928,0.9207177588142369,0.7117762137069259
0.9999083841583122,0.999909492657235,0.9641695817844823,0.6868794284954775
0.9998553481973848,0.9998616558815042,0.9401497989018338,0.711842810785127
0.9986948248471638,0.9990838261752136,0.9484370594570953,0.7469445063554359
0.9999907415122814,0.9999580735469866,0.943923839361474,0.8558562410680564
0.9996208176134859,0.9996387172534439,0.999800914420661,0.6884332512940067
0.24205067335268374,0.36094081377376425,0.4236854454968133,0.32517722687945405
0.28441235271137655,0.3956464985752474,0.4494674656323719,0.42717245452401137
0.4550004998223575,0.5789070112433751,0.6514073649471722,0.572589107500714
0.10000775190667628,0.1382091961276832,0.20462651434664655,0.20020202622664351
0.14590606718758403,0.23510021304468784,0.2562834959942986,0.2442137968536021
0.45535037190931105,0.45890311961641744,0.6104153713462527,0.4881853492333101
0.21196535349482892,0.31949209581495513,0.2594645410860234,0.14898799174645158
0.03902685365744849,0.07339125967324427,0.0796770999562535,0.06048777142826562
0.1774989417330953,0.2772727870972271,0.2764251063436505,0.17675118110619178
0.8666448595419357,0.8892934464344512,0.6563491428281807,0.5791166400457997
1.0,0.9993039100923581,0.9482092361735269,0.8772751214471746
0.7730791370481601,0.8207172597295925,0.513560570594059,0.614371942021282
0.9998376272842758,0.9998274234873349,0.9214835865794782,0.5018210292918078
0.9999542652251066,0.9999634101719722,0.8308607274774658,0.8656861799311063
0.9999770155608493,0.9995448477456791,0.9439366006495797,0.6150158361164285
0.293457617453821,0.3462029051094231,0.26668536399126447,0.09630356246676271
0.06614851689983695,0.07568617480919583,0.10033860675510052,0.05533713204802326
0.9998501367424195,0.9500286579007454,0.8045282033759144,0.2667700573301132
0.04351862746326673,0.06911659724311921,0.08745731659632516,0.07884661214039627
0.7230796778442153,0.7696527133310692,0.49832403444296847,0.4278764360998644
0.7686973823586293,0.860074098815343,0.651292671286953,0.44672042005877577
0.06869599274343398,0.12751575366733744,0.12427094368864643,0.10831220500305448
0.852422518535963,0.9202032609046129,0.5645317802188193,0.2994616989144472
1.0,1.0,0.8982501452283874,0.9914340488186263
1.0,1.0,0.9572187998721616,0.9978970272376024
1.0,1.0,0.9995499117791459,0.9995382266935472
0.9979245923447335,0.9979130126477949,0.8549155358071735,0.84826925574179
0.9997338301836572,0.9958762775526311,0.872522160410211,0.4421390966789434
0.40167818065051025,0.4646047464067686,0.4720028326456139,0.315314298370371
1.0,0.984749836675209,0.8171079178242179,0.464456993326033
0.29137564723973214,0.35836117262594236,0.3088992137979451,0.13504026039503847
0.8723959636811709,0.9087884357927335,0.7915747717864879,0.3609607384523117
1.0,1.0,0.9723260986899284,0.9987264705303304
0.8569237033579943,0.8912116748938536,0.7493917207324748,0.7400582529950602
0.8502880350004146,0.8813019917780426,0.73255713737641,0.40536387111235905
0.8426528381971511,0.793250059183746,0.7023407399661004,0.2450370478136545
0.6269440301321634,0.6847182590599082,0.40839125376594176,0.26035669716874044
0.550975716357937,0.6590547429364602,0.3710633541097619,0.2994941721823455
0.2589885258227644,0.3595787310772663,0.20695559648900744,0.18869235746296553
0.0073067072502048655,0.014473632967555619,0.020965127935643122,0.014027465439817104
0.7524866697185559,0.8176476104129785,0.5113286973278016,0.43079019799808277
0.8858068388549833,0.9131670549470946,0.6707610170865123,0.5294573324479153
0.13565170548640812,0.23335741564382226,0.15978927441316834,0.17503614280542
0.8599014032153732,0.7708496489147473,0.7595135699536653,0.23569299753968498
0.12403966133389564,0.20291069839937878,0.19204916272706316,0.11755442357948998
0.9567827056873294,0.9751724089100359,0.8643298985773789,0.8607622692072727
0.9326843423638699,0.9578267589181598,0.729300987996425,0.8331018131794331
0.9217231578594767,0.9488590440464688,0.8860959610784577,0.9124680855512312
0.7256094871364912,0.8303290560466808,0.675132484903887,0.834824891492976
0.999902415220734,0.9994976760249866,0.783433031965231,0.5932726254277031
1.0,0.9999676585941827,0.9392841826207002,0.6583194858173994
1.0,0.9999767587081215,0.9857408749844873,0.9117905701229542
0.9998338776437402,0.9996752993694947,0.7755136547467592,0.6437557578243499
0.9992535170898211,0.9973127166274344,0.7768992111016962,0.469605940101288
0.9999816784351565,0.9989218905650198,0.9324288484842952,0.631680945496682
0.9999394114626718,0.9988128567405933,0.862931717966831,0.39135970009025006
0.9999727594660855,0.9997317172950066,0.9003902298042177,0.5679286125511879
0.5092457936899822,0.3867890619411236,0.4551169008214875,0.201367672965036
0.6243279233087736,0.4846749622044368,0.4615969316166963,0.20115082270921228
0.5208503470247908,0.655353591614282,0.46093628103975814,0.3274762236646418
0.9133751950395931,0.9494612546375741,0.5845897102185388,0.4863905297405939
0.8028788239264499,0.8726335158801172,0.5993178184214449,0.7954032648093698
