corpus,session,near_frac_fixed,thr_matched_bl,rearA,rearB,obs_frames_matched,enr_matched,obs_frames_all,enr_all,near_onsets_A
mouse-dyad-10m,20250827_141755,0.1662217881342294,3.691910299450642,0.044778272909394616,0.06423454070222365,0,,343,0.8051643192488264,2
mouse-dyad-10m,20250827_145223,0.27814558510963,2.362337462204102,0.01886268916796617,0.05368013895902817,0,,277,1.7046153846153846,1
mouse-dyad-10m,20250827_152238,0.4244512818234327,1.2226167798660879,0.09735859954680766,0.11441995823521571,1969,9.07373271889401,3263,1.585134806898227,20
mouse-dyad-10m,20250827_155244,0.09897586279671654,5.758209299757698,0.038255190109633776,0.0838914992169016,0,,889,1.795959595959596,0
mouse-dyad-10m,20250827_162428,0.1645923235419895,4.212727174603157,0.09960734656247744,0.103100684783152,144,0.46677471636952994,2370,1.30939226519337,7
mouse-dyad-10m,20250827_165542,0.121290716725445,5.502044317113894,0.09288273027685985,0.08551275999000306,0,,1408,1.0944422852701128,0
mouse-dyad-10m,20250827_172440,0.33610836508236236,1.8371888508165446,0.031334347821257595,0.043952504193093336,40,16.0,417,1.5359116022099448,4
mouse-dyad-10m,20250829_124351,0.13973430488292532,4.16975614025784,0.09710867730039544,0.06589616563735727,99,0.9295774647887325,1355,1.2312585188550658,2
mouse-dyad-10m,20250829_134647,0.4328224025217266,1.3780553902433594,0.035223148384518906,0.5139960265047671,270,1.3267813267813267,3328,1.0133982947624849,6
mouse-dyad-10m,20250829_141847,0.4282937341019916,1.344802617183346,0.03613915825252424,0.1705377275706177,760,6.28099173553719,1434,1.4625191228964811,17
mouse-dyad-10m,20250829_144840,0.2261823433030631,3.647937243655238,0.04443333611041684,0.09201588491765947,1057,6.4451219512195115,1364,1.7912015758371636,15
mouse-dyad-10m,20250829_151905,0.19460504173678336,3.471957020716977,0.11868463875328368,0.053683000383211985,0,,767,0.6982248520710059,1
mouse-dyad-10m,20250829_155407,0.3170842698188074,1.9791749453932008,0.014745137212464276,0.02043341935125836,0,,62,6.888888888888888,0
mouse-dyad-10m,20250829_162253,0.5346332848304435,1.0803010520044973,0.055065589976563106,0.1230492396894334,4326,8.29530201342282,5092,4.282590412111017,46
mouse-dyad-10m,20250829_164919,0.16880859288221442,3.8116420836715608,0.06757897542986627,0.03156795663571333,0,,952,2.232121922626026,1
mouse-dyad-10m,20250829_171625,0.10147953969876039,7.152332192859401,0.06286932954192029,0.2983349624561248,821,1.101274312541918,3484,1.0798078413141174,0
mouse-dyad-10m,20250903_141046,0.24098613764606566,3.8423042761018187,0.05527169325098858,0.10415648464922024,0,,1036,1.003875968992248,0
mouse-dyad-10m,20250903_143938,0.35079057420067866,1.6801152107909176,0.06628938292448586,0.07138215807041025,1275,9.922178988326849,1768,2.2295081967213117,29
mouse-dyad-10m,20250903_150657,0.32919202914648776,1.8500443694655768,0.14955347225307683,0.05549384635891056,1674,12.633962264150945,2840,2.166285278413425,30
mouse-dyad-10m,20250903_153433,0.3047146181486974,2.1650508608579764,0.012523811904008175,0.06863382151207673,656,8.251572327044025,795,5.213114754098361,7
mouse-dyad-10m,20250904_131913,0.17815463671526002,4.865822268732501,0.04177510918242205,0.15770547660138842,0,,1107,1.09766980664353,0
mouse-dyad-10m,20250904_140306,0.6460468704043862,0.8087737966609649,0.1457666246760526,0.12491745237209974,7296,5.722352941176471,9967,3.1293563579277865,99
mouse-dyad-10m,20250904_143552,0.19646712136431493,4.069799087279372,0.13216384654231852,0.07064092389826464,0,,1874,1.097189695550351,0
mouse-dyad-10m,20250904_150414,0.28228910376389177,2.5260410702119698,0.031090845473277312,0.12733472921861896,61,1.2448979591836735,877,1.1811447811447813,2
mouse-dyad-10m,20250904_153332,0.32438421593402017,1.9108238893907108,0.10606759045847103,0.047163366749048904,0,,907,0.9853340575774036,1
mouse-dyad-10m,20250904_160014,0.165495715150539,4.582957450826099,0.029241390035156314,0.11481619300983599,67,0.858974358974359,789,1.6593059936908516,1
mouse-dyad-10m,20250904_165017,0.2027836201490591,3.578433872888893,0.05994550408719346,0.08787604677103393,0,,933,1.1915708812260537,1
mouse-dyad-10m,20250904_174232,0.3427172990160987,1.7247464490601585,0.09284077224876665,0.08826255126220166,911,227.75,1836,1.1646051379638438,15
mouse-dyad-10m,20250904_181215,0.23937842250830288,3.2057754051398346,0.06334625509558031,0.09440846838241011,90,2.769230769230769,1569,1.5344743276283617,1
mouse-dyad-10m,20250904_183921,0.7354796787701741,0.8519552275124611,0.1753490541936487,0.196797698519366,4457,2.43086992091628,7572,1.2008563952105307,150
mouse-dyad-10m,20250905_165151,0.615100941379023,0.9992068565052389,0.023570575657438007,0.13033795229235512,351,9.116883116883118,878,1.4512396694214877,10
mouse-dyad-10m,20250905_171829,0.3213629168865069,1.8513983878209006,0.12641137430229651,0.08180833634167338,850,9.18918918918919,2383,1.3264681324798218,15
mouse-dyad-10m,20250905_174513,0.617310074032112,0.8928217293878178,0.14112197804028725,0.11852913244139356,7053,5.480186480186481,8846,3.03360768175583,117
mouse-dyad-10m,20250905_181402,0.2907738789474269,2.4437473376418613,0.064991613627023,0.10675686183033979,1841,9.205,2365,2.1402714932126696,23
mouse-dyad-10m,20250905_191445,0.40045096830448135,1.307975008324702,0.03173994901614489,0.09608068556068357,151,,441,0.7636363636363637,4
mouse-dyad-10m,20250905_194049,0.307711532587265,2.084210557437837,0.013745799894476688,0.05761017466885118,0,,4,,1
mouse-dyad-10m,20250905_200953,0.4967926110645199,1.0232228120270626,0.11083403220162952,0.10832366025559141,2575,7.182705718270572,5173,2.4189852700490997,54
mouse-dyad-10m,20250905_203607,0.25381539486837723,3.1446262033979835,0.05133844274130845,0.09110851938242807,108,,705,0.8703703703703703,2
mouse-dyad-10m,20250905_210254,0.5111634416724058,0.9774315586266611,0.10233710261480017,0.1046253304600893,5063,7.274425287356322,6956,3.8730512249443207,64
mouse-dyad-10m,20250905_213215,0.2791566927515787,2.7234558517208627,0.03413994768207139,0.057527505789961846,0,,386,1.2024922118380064,0
mouse-dyad-10m,20250907_143021,0.5323491556265673,1.0974167625942537,0.10015977631316157,0.2072709318065819,5788,3.5883446993180406,8152,2.596178343949045,100
mouse-dyad-10m,20250907_151901,0.14737677443700817,6.2274306011293055,0.08779786679097437,0.20540738520960278,879,0.6413717621306092,2203,0.6024887187200875,9
mouse-dyad-10m,20250907_154801,0.5008025414738994,1.0530532369951469,0.0942722420620595,0.06450878352485101,2674,7.784570596797671,3262,3.135031234983181,65
mouse-dyad-10m,20250907_161657,0.30740650234924305,2.112924239084441,0.10779304446345067,0.06597874018371858,1360,18.37837837837838,1819,1.426107408859271,19
mouse-dyad-10m,20250907_164826,0.372306393566446,1.5479496950008866,0.07397143111032123,0.07115008663971209,368,6.344827586206898,1131,1.3464285714285713,21
mouse-dyad-10m,20250907_171538,0.44333738760503616,1.2331677979086257,0.09679712535474877,0.11354182286720316,498,2.964285714285714,2132,1.0800405268490374,26
mouse-dyad-10m,20250907_174343,0.37215850712282356,1.512919174984731,0.03607231123823276,0.2680125517203077,1251,3.3994565217391304,2585,1.543744401313825,20
mouse-dyad-10m,20250907_181225,0.31136251298200013,2.0375592396312605,0.05324425043180771,0.022098557678957218,199,,730,3.705583756345178,5
mouse-dyad-10m,20250907_183823,0.23515037072005776,4.201489569175757,0.06583543917136431,0.07223903807170032,392,3.8243902439024393,1244,1.49250149970006,19
mouse-dyad-10m,20250907_190610,0.18168892838299408,6.0582945221303515,0.024170392380106077,0.009163866596317792,0,,35,35.0,1
mouse-dyad-10m,20250908_152229,0.24848380503843248,2.9456225629426136,0.10115186386457546,0.17194095170391432,0,,3994,1.3409434278999497,6
mouse-dyad-10m,20250908_154926,0.3307026702803572,1.7781188110655095,0.13189230017327944,0.07313280312791576,262,16.374999999999996,1043,0.6221294363256785,11
mouse-dyad-10m,20250908_161812,0.6184430485901686,0.8832699760298218,0.12669876761247828,0.0961528849197754,2656,6.036363636363636,4813,2.2751122666036396,75
mouse-dyad-10m,20250908_164528,0.4281247396628808,1.3304630673532583,0.08951153814112355,0.0666351948015884,543,15.295774647887324,543,0.5546475995914198,13
mouse-dyad-10m,20250908_171240,0.37281113412825795,1.4638673590629094,0.12585874629982394,0.13353400829728035,2168,5.199040767386092,4379,1.4704499664204165,29
mouse-dyad-10m,20250908_173928,0.3260653452479465,1.7943566025664994,0.051588645943829524,0.1638629560310787,960,3.5424354243542435,1992,1.2752880921895007,15
slap-2m,2022-10-07/10072022131531,0.6554668440895985,0.9915996202191683,0.08028387669106232,0.056165446884009755,83,5.1875,214,2.8533333333333335,25
slap-2m,2022-10-07/10072022132603,0.6859737006887915,0.9665900425569321,0.10587560008348988,0.03689208933416823,39,3.1199999999999997,98,1.410071942446043,18
slap-2m,2022-10-07/10072022133702,0.34919489172681845,1.8606994046799077,0.128317601332593,0.032259855635757916,136,,136,2.193548387096774,11
slap-2m,2022-10-07/10072022134804,0.5590633608815427,1.0795708199172291,0.12154269972451791,0.10165289256198347,0,,338,1.6289156626506025,30
slap-2m,2022-10-07/10072022135851,0.3650441249930621,1.8159344534549975,0.13509463284675585,0.07676083698728978,92,5.411764705882352,235,1.2051282051282053,7
slap-2m,2022-10-07/10072022140918,0.3898433279308482,1.7616192516207316,0.2324689357104268,0.07239330091842247,203,2.4023668639053257,355,1.1601307189542482,16
slap-2m,2022-10-07/10072022161055,0.6855718121540907,1.2551510133424129,0.8221820373719108,0.7429996164173379,4392,1.2489691454571306,11494,1.0451466242327803,21
slap-2m,2022-10-07/10072022162233,0.8311401083711157,1.2610709729832426,0.6047771757160234,0.48468428618821185,1559,1.1730624529721596,5574,1.0570832543144322,87
slap-2m,2022-10-07/10072022163346,0.6084039159608404,1.4759369672436726,0.5654493455065449,0.506379936200638,2715,1.76930596285435,6404,1.2346250240987084,14
slap-2m,2022-10-07/10072022170913,0.5408586109729819,1.5778586888312809,0.16299243052102327,0.16277142383557103,179,1.4150197628458498,522,1.1177730192719486,23
slap-2m,2022-10-07/10072022173152,0.41161904141279204,1.570165966943024,0.06233097650777101,0.20898634778925418,185,1.510204081632653,686,1.608440797186401,12
slap-2m,2022-10-07/10072022180149,0.6363237792513838,1.3863224421193727,0.5258398640872473,0.39732558776785226,2039,1.5806201550387597,3971,1.0465146923178283,94
slap-2m,2022-10-07/10072022181300,0.4644369877330986,1.5655476563775803,0.8768909180923044,0.8136311128224875,4379,1.008753743377102,13135,1.0162082704730957,24
slap-2m,2022-10-07/10072022183527,0.7322646846746907,1.1840541569456313,0.5874424538243941,0.47540074324699094,2499,1.7390396659707723,6443,1.3130222131648666,38
slap-2m,2022-10-07/10072022184618,0.6483015968830599,1.3490845217507703,0.578719201009713,0.3457718268122702,1971,2.196100278551532,4283,1.2485060486809503,43
slap-2m,2022-10-21/10212022175626,0.6906843755764619,1.1400452844825513,0.21796716472975466,0.29824755580151263,951,2.134680134680135,2767,1.7496048055643376,40
slap-2m,2022-10-21/10212022181154,0.714203233256351,1.1160007737583175,0.25632698229407236,0.2125433025404157,1175,1.4497223935842074,3132,1.27033056175218,57
slap-2m,2022-10-30/10302022030623,0.5729034976822588,1.518576499683984,0.07248209018120523,0.4278339654445849,233,1.1948717948717948,367,1.289982425307557,15
slap-2m,2022-10-30/10302022031312,0.6471174062188779,1.349144470054838,0.10235697687285604,0.35996459001881154,32,0.2549800796812749,267,0.8078668683812406,12
slap-2m,2022-10-30/10302022031841,0.6584932874736492,1.3261304570467456,0.07611228225895929,0.36314212803727947,89,1.4126984126984128,224,0.9781659388646289,15
slap-2m,2022-10-30/10302022032406,0.47256270035828774,1.4716591597772857,0.05572317556100321,0.27352442013954364,93,2.2962962962962963,162,1.1289198606271778,4
slap-2m,2022-10-30/10302022033021,0.4641333062385694,1.4987814486134103,0.034139402560455195,0.3054257264783581,0,,40,0.5063291139240506,1
slap-2m,2022-10-30/10302022033652,0.3177836180464301,1.9892319279845925,0.04883924660534385,0.5005475251861585,91,1.5964912280701755,346,1.562076749435666,3
slap-2m,2022-10-30/10302022034217,0.4972330395572863,1.6682502388751546,0.2538430006148801,0.40377126460340235,192,0.7084870848708487,852,0.830004870920604,8
slap-2m,2022-10-30/10302022034810,0.4444323500598672,1.576557057727865,0.11494503102209644,0.255360835963862,62,1.7464788732394365,408,1.5813953488372094,8
slap-2m,2022-10-30/10302022035407,0.5768635257686353,1.3808557325623492,0.6161247511612475,0.5865958858659589,1424,1.225473321858864,3504,1.0640753112663226,11
slap-2m,2022-10-30/10302022035936,0.7867687867687868,1.0344778158139158,0.7266067266067266,0.7243867243867244,2267,1.428931610463284,5330,1.1396194141543725,4
slap-2m,2022-10-30/10302022040455,0.5920289855072464,1.39929046244581,0.5386128364389234,0.6609730848861284,1138,0.733011272141707,2203,0.6377189173541757,2
slap-2m,2022-10-19/10192022175658,0.9899637868598035,0.9463639823679931,0.5579927573719606,0.23238489394723227,672,4.213166144200628,1636,1.4338299737072744,25
slap-2m,2022-10-19/10192022180019,0.9275980729525121,1.0866817991077395,0.32278045423262214,0.37260839642119753,221,1.768,1307,1.4979942693409742,10
slap-2m,2022-10-19/10192022180303,0.5345491908553814,1.6856316902114798,0.50051374261495,0.7871821217569998,520,0.8851063829787233,3125,0.9990409207161126,12
slap-2m,2022-10-19/10192022180545,0.8292575213911123,1.209033724059155,0.5237648357714602,0.6458735854264421,3097,1.3320430107526882,8078,1.4058475461190394,19
slap-2m,2022-10-19/10192022181152,0.30647976437220464,2.0216403058480945,0.7206828842587543,0.2524271844660194,982,0.865579550462759,2848,0.8218150339056413,10
slap-2m,2022-10-19/10192022183808,0.6293803024714127,1.192793966559425,0.3084655108815935,0.24280708225746958,335,0.929264909847434,1422,1.9627329192546583,21
slap-2m,2022-10-19/10192022184226,0.4700679400076913,1.5222341182770465,0.5401871554928855,0.39071913857197793,1088,0.780767850735558,3220,0.9688581314878892,21
scn2a,s-DANNCE-SCN2A_SOC1/2022_09_22_M3_M4,0.8898876404494382,0.7282441466175299,0.1033370786516854,0.11104494382022471,463,1.8483033932135726,1586,1.6208482370975985,151
scn2a,s-DANNCE-SCN2A_SOC1/2022_09_22_M5_M6,0.964067415730337,0.7621376785121443,0.1798876404494382,0.15741573033707865,1772,1.9656128674431503,4754,1.841921735761333,190
scn2a,s-DANNCE-SCN2A_SOC1/2022_09_23_M1_M6,0.8801348314606742,0.9407874369993313,0.1297191011235955,0.13874157303370788,430,0.7911683532658693,1979,1.2617150143449156,101
scn2a,s-DANNCE-SCN2A_SOC1/2022_09_23_M3_M2,0.8027865168539325,0.8418301272666188,0.12432584269662922,0.12879775280898875,649,2.317857142857143,2887,2.0837242872609165,88
scn2a,s-DANNCE-SCN2A_SOC1/2022_09_23_M5_M4,0.9746404494382023,0.672533330401701,0.19347191011235956,0.19985393258426967,2014,2.1077969649398223,4721,1.3427189988623434,166
scn2a,s-DANNCE-SCN2A_SOC1/2022_09_24_M2_M4,0.8967640449438202,0.8377080927583497,0.1487303370786517,0.16375280898876404,860,1.8048268625393493,3285,1.595822200631528,137
scn2a,s-DANNCE-SCN2A_SOC1/2022_09_24_M3_M6,0.8984606741573034,0.87071630805921,0.13377528089887641,0.16737078651685394,909,2.1489361702127656,2878,1.4212345679012344,95
scn2a,s-DANNCE-SCN2A_SOC1/2022_09_24_M5_M1,0.9415393258426966,0.8089802650323235,0.14635955056179775,0.11117977528089888,657,1.6363636363636362,2013,1.372655983634504,141
scn2a,s-DANNCE-SCN2A_SOC1/2022_09_25_M1_M4,0.8706741573033708,0.909109617879212,0.11129213483146068,0.13448314606741574,494,1.4423357664233576,1268,0.9537420082737871,73
scn2a,s-DANNCE-SCN2A_SOC1/2022_09_25_M5_M3,0.9321797752808989,0.832867758483254,0.14476404494382022,0.10512359550561798,957,2.9221374045801527,2476,1.8279808047249908,135
scn2a,s-DANNCE-SCN2A_SOC1/2022_09_25_M6_M2,0.8670224719101124,0.9399166026605478,0.18619101123595505,0.12837078651685394,1396,2.370118845500849,3303,1.4942320741913595,134
scn2a,s-DANNCE-SCN2A_SOC1/2022_09_26_M1_M3,0.9001123595505618,0.8017111120095529,0.14001123595505618,0.13020224719101123,302,1.1960396039603962,2193,1.4668896321070235,80
scn2a,s-DANNCE-SCN2A_SOC1/2022_09_26_M5_M2,0.8510337078651685,0.7384340836058636,0.14623595505617978,0.1529438202247191,988,2.1979977753058955,2768,1.412965798876978,124
scn2a,s-DANNCE-SCN2A_SOC1/2022_09_26_M6_M4,0.9388876404494382,0.7769473727577431,0.18192134831460674,0.21453932584269664,1565,2.1063257065948857,5097,1.4947214076246336,140
scn2a,s-DANNCE-SCN2A_SOC3/2022_10_04_M1_M2,0.8343707865168539,0.9488322291589744,0.12969662921348316,0.10293258426966292,823,1.8985005767012686,1357,1.0643137254901962,73
scn2a,s-DANNCE-SCN2A_SOC3/2022_10_04_M3_M4,0.8451573033707865,0.8146712188469238,0.10787640449438202,0.16641573033707865,978,2.3453237410071943,2807,1.8870588235294117,77
scn2a,s-DANNCE-SCN2A_SOC3/2022_10_04_M5_M6,0.9570112359550562,0.6927054445341543,0.16755056179775282,0.1737191011235955,1833,2.2741935483870965,5050,1.9905400078833269,143
scn2a,s-DANNCE-SCN2A_SOC3/2022_10_05_M1_M6,0.9108988764044944,0.8542444902796147,0.12007865168539326,0.174,1051,1.8835125448028673,3004,1.674937273487594,88
scn2a,s-DANNCE-SCN2A_SOC3/2022_10_05_M3_M2,0.8823258426966292,0.8651743051208041,0.12946067415730336,0.10580898876404495,358,1.2074198988195615,921,0.7602146099876186,90
scn2a,s-DANNCE-SCN2A_SOC3/2022_10_05_M5_M4,0.9479213483146067,0.7107956017522854,0.16448314606741574,0.15596629213483146,1244,2.543967280163599,3529,1.6945978391356542,122
scn2a,s-DANNCE-SCN2A_SOC3/2022_10_06_M2_M4,0.9353595505617978,0.7171225092030901,0.11687640449438202,0.15025842696629213,463,1.2951048951048951,2594,1.7368597254770675,86
scn2a,s-DANNCE-SCN2A_SOC3/2022_10_06_M3_M6,0.8954606741573033,0.7980882964368545,0.08414606741573034,0.1797303370786517,705,1.700844390832328,2088,1.6518987341772151,52
scn2a,s-DANNCE-SCN2A_SOC3/2022_10_06_M5_M1,0.933932584269663,0.7511512423810263,0.16003370786516855,0.12037078651685393,603,1.6058588548601864,2763,1.6574685062987402,107
scn2a,s-DANNCE-SCN2A_SOC3/2022_10_07_M1_M4,0.8978202247191012,0.8179465914913675,0.09122471910112359,0.13657303370786517,245,1.1136363636363638,1590,1.419642857142857,39
scn2a,s-DANNCE-SCN2A_SOC3/2022_10_07_M5_M3,0.9455730337078652,0.7219553137406671,0.16343820224719102,0.12017977528089888,746,2.002684563758389,3392,2.1286476310009417,120
scn2a,s-DANNCE-SCN2A_SOC3/2022_10_07_M6_M2,0.7796966292134831,1.0092042376290846,0.17058426966292134,0.0898876404494382,552,1.5615275813295613,2242,1.6335154826958107,85
scn2a,s-DANNCE-SCN2A_SOC3/2022_10_08_M1_M3,0.8801797752808989,0.8630828461344034,0.09396629213483146,0.11175280898876404,458,2.2786069651741294,2241,2.344142259414226,50
scn2a,s-DANNCE-SCN2A_SOC3/2022_10_08_M5_M2,0.9510337078651685,0.62087015958445,0.1372247191011236,0.10353932584269662,439,1.1929347826086958,2102,1.6332556332556332,90
scn2a,s-DANNCE-SCN2A_SOC3/2022_10_08_M6_M4,0.8352471910112359,0.8358402637149832,0.11882022471910113,0.08561797752808989,281,3.3652694610778444,1390,1.8398411647915287,98
