t_s,initiator_p50,initiator_p25,initiator_p75,follower_p50,follower_p25,follower_p75,control_initiator_p50,control_follower_p50
0.0,62.21666735061953,51.943745340324554,74.22847648421723,32.55668478265167,25.419158423307056,34.61803661816798,53.94492770894321,41.143148188709745
0.0066620609618550375,62.06984328917727,51.927264895789406,74.65201233156498,32.470267980364525,25.311613427113276,34.250364010878414,53.604570763834985,41.267680890333914
0.013324121923710075,61.942026119742266,51.52619100215439,75.06535884853572,32.59284928473874,25.499770630727397,33.991620712838625,53.20394141357889,41.3722197911638
0.019986182885565112,62.041818667979584,50.803329263544256,75.4719924863351,32.609546541265516,25.70491506671832,34.04379723214319,53.743883373390844,41.60533351891108
0.02664824384742015,62.2985735446944,50.10224224773057,75.87939496797935,32.41793805442411,25.892812919248783,33.81472998042297,56.19270075079115,41.2429063940248
0.03331030480927519,62.69464706905934,49.72905870058464,76.27709837526119,32.316246209810075,26.061339945927863,33.88507153062176,58.006866405082796,40.21819579424658
0.039972365771130225,63.149604650133455,49.54121370552869,76.66138945809949,32.02600691819181,26.287338352995235,33.847133953311975,58.14013718457541,39.16497065105081
0.04663442673298526,63.41812340527194,49.35311824423499,76.96584315786498,31.828557573075603,26.549930026378732,33.97092413228425,58.34074462840382,38.741922822739966
0.0532964876948403,63.90841648858607,48.81621846159367,75.55387961779024,31.89110537284834,26.805822643245143,33.97238153552733,58.508726247385844,38.96087603816168
0.05995854865669534,64.31459456074117,48.60563199835501,74.0716130072743,31.697280213722948,27.0122930530194,34.07733379233765,58.60218351532831,39.11313405688399
0.06662060961855037,64.53484392455184,48.49613782651298,73.86553020384417,31.411848359195062,26.809546175971384,34.037657894871124,58.75470656471188,38.99380975956356
0.07328267058040541,64.76624386527763,48.57301182222374,73.66868313199012,31.036499960633925,26.480036274949377,34.102314856006515,58.91287575696501,38.9237559267623
0.07994473154226045,64.93664702520311,49.63227039622981,73.79754536830438,30.699006062949724,26.156050958656177,34.183635745635954,58.9688138408012,38.90035806861104
0.08660679250411549,63.87138855289251,49.75859190928097,74.26498358370593,30.402497855789136,25.840599583011656,34.23892550075971,59.05905273447149,38.83062877880441
0.09326885346597052,62.49022756136856,49.89057850508337,74.02929879930217,30.157571658920993,25.531774639825272,34.31758808307997,59.42166272477421,38.40141651124887
0.09993091442782556,63.605993553964026,49.97679325346735,74.15004352980654,30.26210927734995,25.246034301941396,34.52186984726768,59.30731318409463,39.17456936851241
0.1065929753896806,64.03602448161686,49.61438224784173,74.28283491506721,30.361147639531513,25.057606745722495,34.49136133269119,59.17051720957113,39.62984956671761
0.11325503635153564,64.1714133294112,49.12766378789815,74.39475364646474,29.88066166484042,25.8757774837961,34.349616395096255,59.048533774704,39.96859828671282
0.11991709731339067,64.27229912782265,48.77767145780345,74.50787507340243,29.463151067258302,26.504151136098006,34.390844811797855,58.94084950586167,39.85465974108384
0.1265791582752457,64.3410176334167,48.53456809050482,74.60175213095971,29.22748434635768,26.843322113946062,34.38676842876784,58.849317609081275,39.65598012080454
0.13324121923710075,64.26547071865104,48.46294428980577,74.57758328693018,29.80591694619601,27.122330332149254,34.38211396630872,58.780047964922474,39.470071182867116
0.1399032801989558,64.00923307569946,49.17049089012154,74.45677638842614,30.01092288364404,27.08333785446863,34.582857387200235,58.733568245766755,39.396112050350595
0.14656534116081082,63.79166644959105,49.09748296873768,74.3544940303891,30.5100483074906,27.02796424439457,34.57466795343169,58.537530264620514,39.73287951674068
0.15322740212266586,63.50845597360262,48.896111692146,74.46848932951087,30.56332131370175,26.96519469836752,34.66163568732912,58.13866145918718,40.04999133517634
0.1598894630845209,63.13867670577184,48.40710527076059,74.98357110743973,30.59890362395587,26.844193897961052,34.75563801895267,57.758360855441026,40.33568728075548
0.16655152404637594,62.775721766027836,48.18258020233176,74.75654782248955,30.6458022620894,26.7256361574139,34.55892041860044,57.40492418006754,40.0429159144851
0.17321358500823097,62.27674979581466,48.123688723251874,74.38713557301091,30.535652785426834,26.402809126920193,34.89518777384267,57.19883799515608,39.97635502707841
0.179875645970086,61.67219309328864,48.366416297615885,73.98386961261244,30.447651046968254,26.15562771950824,35.01883293406698,57.021346374620485,40.139220238240306
0.18653770693194105,60.93779680777803,47.80927049211117,73.62084934613463,30.818053762298334,26.257474294894546,34.800661687567754,56.8598593469052,40.35219589730599
0.1931997678937961,60.09799928275215,46.93921942327154,73.39925246534423,30.902336880691383,26.30860871130416,34.37436179267908,57.38586568819501,40.58373428026859
0.19986182885565112,59.17116544435213,45.96844566578746,73.14935591418714,30.67285754332226,25.94196752820454,33.868503333621355,57.02076651533916,41.3590459755287
0.20652388981750616,58.25933232390133,44.96529866168054,72.8056377150073,30.531535113127717,25.672277471541584,33.29211941012642,56.49056938656645,42.10373914647373
0.2131859507793612,57.3898149835809,44.425493225211994,72.4661454278486,30.58189977888555,25.558351985777488,32.74049391906658,56.336155240679275,42.43264394627474
0.21984801174121624,56.71519509844468,44.31286854244838,72.00967616202831,30.576466049195318,25.479951129039485,32.19473128374317,56.10690967694302,42.251288783576776
0.22651007270307127,56.05825949465858,44.47862767941527,72.18725423805918,30.775212629611012,25.41683835638874,32.21024299506439,55.85302130027273,41.84554688558998
0.2331721336649263,55.44464830665734,45.05192268677196,72.64488281619151,30.463096733210698,25.398195437954513,32.46694469216358,55.818455389387566,41.62700994379074
0.23983419462678135,54.85727736327616,46.28816643293827,71.97337668727097,30.15254878875333,25.408651826927304,32.77034631044893,55.72440681656634,41.48718277931653
0.2464962555886364,54.37519362319762,46.28250647323003,71.17999087384055,29.904677439964846,25.46056723058004,33.050282146420464,55.58267442110571,41.29088682486045
0.2531583165504914,54.035652051080284,46.004350067120505,71.42022305176215,29.74202496938294,25.542815211783868,33.50930793574584,55.42647251541179,41.184570505585384
0.25982037751234643,54.34961736234729,46.15999449671261,72.16906544830971,29.562928037575716,25.234398344696228,33.416723840401076,55.24172919450791,40.973573038117536
0.2664824384742015,55.58537998553015,47.09098856079688,72.95619922956236,29.478706306309967,24.94104181102562,33.34407746018575,55.02327680837338,40.68245457803978
0.2731444994360565,55.72232024780422,47.17000256059678,73.7042502863808,29.75233559540833,24.61241412222935,33.43579992141884,54.764228044774384,40.373922488473
0.2798065603979116,55.46863300299397,47.279003807804,73.7267543711362,29.922806019252526,24.242127229530087,33.60371354322864,54.56771141812669,40.10997373041903
0.2864686213597666,55.47429759166721,46.60288755826325,73.69918576971523,30.11791814965541,24.210628533142682,33.90366146141329,54.68453850368783,39.900530728322394
0.29313068232162165,55.933752786430595,46.75755295881775,73.36066418432533,30.221440221154268,24.470140268123366,33.94386115353682,54.90500043714681,39.788828760025204
0.29979274328347666,56.76276162670676,47.25529158772185,72.91199684754578,30.403906720426903,24.836783914412493,34.00345671564275,55.146499095641786,39.76127082359388
0.3064548042453317,57.048064729623505,47.69960225307958,72.38102866153298,30.457040424060295,24.553391470710636,34.43420936550937,55.27986877954899,39.87052328777952
0.31311686520718673,56.21167148611029,47.6870518761787,71.64989160122343,30.283430997344173,24.59649583594058,34.599062640475076,55.254283458098726,40.25379198776834
0.3197789261690418,56.02177736537176,47.83925995643857,72.36999281164137,30.350043127799175,24.900286802876764,34.65183608620448,55.22301428920077,40.60661139166028
0.3264409871308968,56.13139568155909,48.06420873217975,73.49268052333213,30.29700474556142,24.901613344069847,34.66282221521686,55.14951200018657,41.082265757321196
0.3331030480927519,57.32611839055084,48.671146923945166,74.8082898102979,30.664720570976538,24.85227473996217,34.677226542498715,55.06012912908601,41.47480310926488
0.3397651090546069,58.94477938635955,48.66698259555878,75.41936669886225,30.935309157788147,24.7894356163733,34.719693050653724,54.97180111191221,41.84496833912642
0.34642717001646195,59.47326950424443,48.58411047640767,75.86282523996832,31.25606653886016,24.71273631498508,34.78843427471628,54.88369295223758,42.10473830718355
0.35308923097831696,59.9302272056607,48.27238921940449,76.19724333762962,31.362674486814818,24.537633760910108,34.00250774301584,54.77848206825561,42.15432767693733
0.359751291940172,59.83610091215823,47.691386929432696,75.46579480770232,31.022743916718895,24.342782560953342,34.28228480499391,54.70355564436725,42.17285333880723
0.36641335290202703,59.488459532307004,47.541084051083224,74.56527487041542,30.673667792893657,24.19478198759861,34.47257991457069,54.643243477059755,42.192325840202315
0.3730754138638821,58.76368967463958,47.41175704296986,73.61707881726446,30.643701103130997,24.08658450519578,34.514034560157434,54.57019251795026,42.19454038274368
0.3797374748257371,58.205818734046474,47.29575582745087,73.4984433338521,30.833195416802447,24.011406415044043,34.60662476065413,54.43011326824873,42.17771388749741
0.3863995357875922,58.00238883870301,47.180657554655134,73.4934433682689,30.952739731057676,23.95429446597893,34.79954860224904,54.33932002467093,42.16657153545134
0.3930615967494472,57.9396367177788,47.02963700342586,73.79371511604668,31.037347107263948,23.90057440378269,34.7791668485103,54.20652078823379,42.13373480571944
0.39972365771130225,57.650778584590356,46.85800623383761,74.0373020605669,31.214008390876266,23.85514359712196,35.230355439021366,54.1038042091881,42.105613248223555
0.40638571867315726,57.3420794287524,46.686316959563904,73.71877103419868,31.4596421569421,23.803803979980806,35.35724000129807,53.95582316850335,42.06848051908539
0.4130477796350123,57.314994350909345,46.55717053133772,73.8305866969524,31.339746513176312,23.927050217912246,35.143001606422814,53.91624499231919,42.03927265744996
0.41970984059686733,57.80640418033609,46.4914949270121,73.94311460908013,31.378809013920556,23.876118390800247,34.80414909056776,53.86273006565091,42.08369224304493
0.4263719015587224,58.23822360171668,46.46942295767672,74.35137317355482,31.497111814657007,23.621509815633452,34.49807086054523,53.903953783652625,42.34966877008142
0.4330339625205774,58.60769179259719,46.4493755411481,75.11796249584206,31.791258868061455,23.377024461703616,34.243086788176456,54.174117593974735,42.623519381039955
0.4396960234824325,58.70026594851768,46.42582615920063,75.43379971902502,32.48131541313887,23.1255794845685,34.39684943004049,54.27583896814905,42.88665740696953
0.4463580844442875,58.89115493974133,46.39327071205136,75.08009375813388,32.25353092240904,22.864356310577037,34.15179213100331,54.69744699704809,43.107586922892416
0.45302014540614255,59.14296371127135,46.36750707741577,74.79162027834917,31.583183266955633,22.671822675954154,34.51821209852983,54.58390254976692,42.94906763844677
0.45968220636799756,59.64779918211518,46.34832170620741,74.35861025528523,30.953869921455585,22.552141310468702,34.866503653864605,54.10136923446298,42.41652009591459
0.4663442673298526,59.90438122306782,46.40299877980978,73.85082714652404,30.42500681136645,22.487555791891374,35.06314769536387,53.68854887065787,41.83859930736697
0.47300632829170763,60.18288966700071,46.60182060249112,73.41598775018186,30.586372722161695,22.590726581589877,35.14146236052259,53.81612507091247,41.273386528386155
0.4796683892535627,60.41054480755465,46.78155770954367,73.12522217523134,30.653300864988196,22.800554956091794,35.204328033665725,54.018250441945355,40.706812261991885
0.4863304502154177,60.629355451816124,46.94336298724687,73.40061170968005,30.95981173327867,23.188717863870224,35.23860685273887,54.21773897622304,40.64204287133248
0.4929925111772728,60.4879540596036,47.07704438576451,76.58658523411279,31.164162496248352,23.448713732271298,35.18608159968096,54.43005082520873,40.70458704090944
0.4996545721391278,60.16778900559642,47.17381522638985,75.36750426481981,31.359498427544143,23.084310888425406,35.02752733031352,54.65447315007681,40.75480749285313
0.5063166331009828,60.07926082178349,47.19246359762562,74.12850750567836,31.606547725819702,23.32559173519359,34.9777599510777,54.64807533674946,39.82920454626151
0.5129786940628379,60.41561360847445,47.14079494873544,73.02844870783244,31.556204585182854,23.8603793271551,34.90448129657785,54.5910231311731,38.971097784917944
0.5196407550246929,60.586363256910275,47.165939431054596,72.04103936220221,31.527706033615885,23.915840511632513,35.147314206428995,55.292218194863395,39.00039415979066
0.5263028159865479,60.57379568661955,47.28064233201296,71.17595105301415,31.328669810274874,23.445820531888845,35.45486195485895,55.25477769582696,39.14227417629692
0.532964876948403,60.61441103591545,47.297468152511435,70.64579825803735,31.669158024886233,22.99531715488021,35.71869645747633,55.232063002250406,39.26155139751717
0.5396269379102581,60.46683491789267,47.09232775391373,70.71633634511954,32.0093413418242,22.593891635400247,35.74818238485247,55.28361479229687,39.7975340802756
0.546288998872113,59.93521553232169,46.81820072677883,73.35216032864638,32.066067055717404,22.23220346658396,35.921617708056395,55.497884293961356,40.181933559360644
0.5529510598339681,59.49990815274356,46.64872898121888,74.10845960694208,32.10192652010273,22.359894217183694,35.181241130554575,55.750652971935,40.128990299245864
0.5596131207958231,59.13096837996679,46.550091580442555,74.84712004579299,32.087819819804466,22.635489204756816,35.10764973146948,55.97790062213874,39.9708504268751
0.5662751817576782,59.23657056750015,46.623058703104775,75.03036767518154,32.042019407009064,22.808866475148,35.280041023263195,56.3086880299868,39.72857132821822
0.5729372427195332,59.8393312446983,46.40852477326244,74.55217673014022,31.790761092997876,22.731030485702494,35.46221020958605,56.40896681793065,39.42492203618228
0.5795993036813882,60.14255947752819,46.24704220489697,73.73851861567154,31.564106234463566,22.75241240339265,35.52314741556464,56.458213289607016,39.215082976717326
0.5862613646432433,60.35074254429868,45.95569393012528,72.86192846955744,31.45314643572054,22.70966035143109,35.563957023811184,56.54932473101885,39.16950136491798
0.5929234256050984,60.14419837457508,45.7488803374446,71.86540934027198,31.28566656137737,22.912487774874393,35.83511997286494,56.62878560411723,39.1168842180417
0.5995854865669533,60.09105733106447,45.61828230542197,70.71981925063788,31.137771449632822,23.033919756947924,35.940991124162196,57.04076658948203,39.08797722745975
0.6062475475288084,60.70410119630469,45.472668805991546,71.23791923822054,31.022523046014065,22.222658138538907,36.15363617672071,57.44910556045775,39.08427406390627
0.6129096084906634,61.117589926722346,45.286195535501726,72.53088685586917,30.645110768969744,21.40105512067753,36.15313439713028,57.47296705128136,39.16609769328014
0.6195716694525185,61.11593226074608,45.07695373973627,73.94370733085977,30.129901402356392,20.505552793474518,36.27273556806593,57.47619777057218,39.400886812981824
0.6262337304143735,61.042813992619685,44.83259640163338,75.30697201106798,29.624237433669435,20.1283148448449,36.35094342024236,57.45714496487495,39.31711635952061
0.6328957913762285,60.97327804973119,44.54903014320003,76.66815048539814,29.154664099498433,20.40816652824645,36.43328291115892,56.95276639554398,39.19281249380078
0.6395578523380836,60.934839965173694,44.24279850113781,77.9742915009711,29.204561872350915,20.38787475710975,36.52651636668012,56.81755457302189,39.165973275694455
0.6462199132999387,60.90942840830934,43.89299727933499,79.32064215620647,29.268508443161515,20.392058428447072,37.1851864569998,57.248346863380974,39.09650081601811
0.6528819742617936,60.9219417212093,43.51949400038521,80.6457801145913,29.332454908150545,20.4384176900264,37.99488669817133,57.538012250244826,39.26520636478526
0.6595440352236487,60.958603326322674,43.09859657234337,81.97707991971157,29.536555436374034,20.504947117329895,38.552257271609726,57.577137159305636,39.41969033664736
0.6662060961855037,61.019017261125214,42.572915226487495,82.89255417088592,29.825165976657452,20.66613002347814,38.00543174341229,57.6092697398672,39.38025156925908
0.6728681571473588,60.79464147661556,42.1045098464633,82.80778713098132,29.97927258899308,21.0111275149697,37.01786271234287,57.65413645148453,39.32182428895325
0.6795302181092138,60.411114204214215,41.663976031655636,85.45797788619025,30.024641864887045,20.5970552431951,37.48023226364671,57.761620309589475,39.294930444434826
0.6861922790710688,60.044465859830396,41.21152116440037,87.28010552854674,30.05117329827599,20.1747173272588,37.50353529446074,57.90015632725981,39.27562202902658
0.6928543400329239,59.66722137130789,40.707453071046054,89.64584927769727,30.183605920271198,20.165670633620344,37.06857076176438,58.07597768451723,39.26591213089265
0.699516400994779,59.32039000185233,40.19174475980716,89.49904601727576,29.88422750649652,21.229544634932253,36.56712604679517,58.28555537781439,39.46177303412043
0.7061784619566339,60.67091729867761,39.67819215788364,89.18920285889857,29.54412258301481,22.215995766206838,36.00628187808181,58.55480087829072,39.58009737204958
0.712840522918489,64.72427197791328,39.04925320433257,89.46612820037969,29.338707011550095,22.255750891103336,35.46503900814996,58.655938093992,39.40381771631656
0.719502583880344,67.14268668622407,39.45770349244526,89.78531761205082,29.004642541993462,22.316601273599446,35.361300423881076,58.481716279109584,39.48100739655694
0.7261646448421991,66.94210463337045,39.68620587033015,90.13205651107097,28.71456192051108,22.60574308777276,34.41327781459953,58.6319280557893,39.60812208141488
0.7328267058040541,66.60802350893701,39.47374594394827,90.45979409144216,28.71001554115201,22.05360723344094,33.882209212426,58.81109296160545,39.73733285849745
0.7394887667659091,66.33621578906656,39.50994365446088,90.76803834226804,28.714825388142934,21.8183717284376,33.74118101159051,59.03180178055622,39.855215982871655
0.7461508277277642,66.21195287155493,39.484828865094116,90.92727708863217,28.493093075504174,21.65895815473264,33.48746403071397,59.25290485106376,39.79691988297144
0.7528128886896193,66.27160237715955,39.57844317006757,91.05146753603935,27.969794991248172,21.619416735150256,33.49052481003432,59.48348512992776,39.61113880867899
0.7594749496514742,66.36185330284766,39.96416920648699,91.17453848447065,27.413880272329816,21.668793015622704,33.57173177845759,59.70697045841415,39.427971921103925
0.7661370106133293,66.46082677225223,40.27241970091703,90.99870246442742,26.96084176900243,21.712583451471353,33.49982947627617,59.694137074029115,39.229456959998316
0.7727990715751843,66.54565645925125,40.54655584816481,91.30531253493143,26.853621157206835,21.78736485643109,33.133993744876925,59.32656510775303,39.00421746522126
0.7794611325370394,66.64533157854525,41.05750775456005,91.18775682917905,26.74022797845182,21.669810056271487,33.25018348670891,58.932004076639345,38.89223201746512
0.7861231934988944,66.75044895440485,42.247178404628016,91.10628570135901,26.648769755926473,21.643114451709035,33.609147289016335,58.056848438615305,38.89020797657366
0.7927852544607494,66.89268789554444,43.28048033544623,91.07503390602017,26.626700264067036,21.614115088090898,33.75191784345135,57.59575393115392,39.0534852483796
0.7994473154226045,67.03012390779509,44.96238438286782,91.1934485282844,26.909393898959785,21.88391341335222,33.947869660270264,57.419401811126406,39.15194842974079
0.8061093763844596,67.01772656176581,45.5387873897465,92.61453684811575,27.42387933978867,22.15310646809309,33.80574041203041,57.2387349037069,39.22876509528233
0.8127714373463145,67.33296899205405,45.47824167171338,93.15446823201432,27.556428379306666,22.338912537964106,33.670894897421576,57.14700296659113,39.51704505469445
0.8194334983081696,67.48770239365675,45.55596166132584,92.37732127495903,27.396402225535688,22.302532371448457,33.934783632380935,57.102343820744,39.90632455015587
0.8260955592700246,67.66634058475441,45.713403596777866,91.5549727805599,27.051381728597477,21.648355596462864,34.33566718752351,56.52076875312328,41.08804614824601
0.8327576202318797,66.21398986380228,45.85686559908352,90.78575375766636,27.173152309326333,21.06217918674866,34.230205926090974,56.2691718927955,41.36987151798823
0.8394196811937347,67.02285917654129,45.956465204799294,90.15671628170527,27.37224781964181,20.673375454207335,34.13966274933186,55.96534597887141,41.36182410600467
0.8460817421555897,68.19895265653975,46.019662854305565,89.45887350349155,28.168165328787275,20.639947639510773,34.56806764356823,55.32916037653505,40.63088758575992
0.8527438031174448,68.3387845689171,46.035870156566354,88.44444946633925,28.6358158307287,21.03366414013504,34.95693792961853,54.684752020616386,40.74696836154125
0.8594058640792999,68.45397313176318,45.94116071737073,87.56847887858287,28.494543755737908,21.455175853281677,35.15338363602963,54.105044127541234,40.67316501079051
0.8660679250411548,68.52160380138285,45.80333095807269,86.76654943506483,28.9078244605532,21.903003620176243,35.06186555391949,53.790171968582264,40.55573896411323
0.8727299860030099,68.60875265857808,46.03440944994723,86.05679555955082,28.993846823691328,22.33880306776149,34.99330639903784,53.886954893637466,40.48291585629883
0.879392046964865,68.64292090199186,46.023084846525514,85.43932467626547,29.052531846022283,22.456950777881126,35.84036641126569,54.381274278990354,40.34572919111085
0.88605410792672,68.69939109799006,45.96527362874445,86.8053354394434,29.08836279549144,22.52436410808283,36.39130198695133,54.49616995492454,40.11536784215648
0.892716168888575,68.74467177099426,45.845636732435885,89.16112906419775,29.126907387116994,22.97985997068043,36.43996553071317,54.6004234398052,39.90856733709589
0.89937822985043,68.84520299958982,45.786349343527505,89.62847976886749,29.147432888849504,23.448036596817275,36.366035169500165,54.56036573676247,40.13452700799489
0.9060402908122851,68.93655867912827,46.1308818339964,93.08491573363834,29.467751805288213,23.75698902222687,36.302970569857145,54.57381932296187,40.31406520612966
0.9127023517741402,69.05614683104045,46.526874413265105,94.28058113196948,29.760246923026763,23.838566451164773,36.229671585377986,54.68562092374428,40.45354596420857
0.9193644127359951,69.18046573938017,46.953109982375906,98.18790532043779,29.61899199077081,23.84348960675979,36.166776081347635,54.86092809786966,40.54411437508898
0.9260264736978502,69.32110778918494,46.912558593112976,98.38206471086937,28.920706670265353,23.69111299644227,36.09271666375304,55.08363670997241,40.59637620097722
0.9326885346597052,69.59153390644454,47.07132751071939,97.99185936653728,27.968406761607326,23.302122346594714,36.35477542258239,55.249753256356506,40.66625431823539
0.9393505956215603,70.34235766319745,46.86194025293463,97.55204720880853,27.932707007241916,22.959453129948226,37.080901900888314,55.2647690115859,41.12096347115846
0.9460126565834153,71.20823113759977,46.551612717880666,97.1147720863899,28.270761323660853,22.80514454995724,37.787370140599,55.2394135342192,41.896036337887324
0.9526747175452703,72.04439115630538,46.40555833077499,96.74524921019272,28.538634320762615,22.592601158177295,38.411638012514956,55.31886882371902,42.591379577716665
0.9593367785071254,72.79560586038838,46.276575430934216,100.01205199822913,28.807443071244137,22.582399929135555,38.3231756618991,55.49984461112904,42.72520169909696
0.9659988394689805,73.4422845599482,46.12928281556137,102.42417219853428,29.20366596157108,22.80200426855722,37.9347163262179,55.67927826641263,42.837869456901615
0.9726609004308354,74.03471337979138,46.014891287428064,103.11336288370173,29.545736094171964,23.095108136873712,37.966742611763074,55.845504116903356,43.07875128050131
0.9793229613926905,75.00932685973693,46.0072010417478,103.96034412887741,29.515422102201946,23.426196436563746,37.757488293940746,56.183418652613284,43.31411286804631
0.9859850223545455,75.37906283299654,46.11767196638816,104.54271100455782,29.457713067923674,23.82993276254711,38.83681646801351,56.080541608161056,43.56462269722962
0.9926470833164006,75.74756588642404,46.56642518220891,104.63460991283223,29.590188738879704,24.28519239012656,38.577499552069995,55.98555509008104,43.84845696648368
0.9993091442782556,76.11172396367809,46.9034820807097,104.12516061314409,29.66716627521901,24.809459237256338,37.865254276115536,55.97213089931523,44.16970757169105
1.0059712052401106,76.46121101903461,46.862018458289974,103.18653154293123,29.74205272255561,24.81894509254785,37.75952502849182,56.427974258436294,44.62883958736329
1.0126332662019657,76.7865303303293,47.068425975692435,104.89057403992662,29.860651224514,24.895749886898457,37.83465001087785,56.72605349592256,45.19801159811651
1.0192953271638208,77.01252612149054,47.30538167825508,104.80976986297236,29.929015537863606,25.016615280010758,37.80129535190833,56.41131031833412,45.77133323309525
1.0259573881256758,77.24206841115434,47.316721574361885,104.70897635589158,29.79069951167491,25.158275677387618,37.64866253921578,56.59698646312471,46.14141100855057
1.032619449087531,77.48025147162623,47.203338312361765,105.39603201154446,29.54648958726205,25.302922072945172,37.41434533421556,56.976437287386545,46.550077820381475
1.0392815100493857,77.7118124396053,47.16178622131403,106.90981896641597,29.54363446224827,25.441865821684555,37.159452250958346,57.25148709568447,46.62289345743342
1.0459435710112408,77.6863737949729,47.2285150496639,107.44193425283851,29.247118123058684,25.46921354086397,36.87239213608578,57.3824484512505,46.53442990897655
1.0526056319730959,78.21488831178868,47.529387054044015,108.23408649936755,29.50638964824385,24.457561804856567,36.661891073581955,57.462180904681986,46.5626579944921
1.059267692934951,78.98508928048633,47.89517713229357,108.72910925596818,29.834807021464368,25.157548551568482,36.521803144570505,57.51403640697929,46.567426355737716
1.065929753896806,79.64034212281874,48.28862713451964,108.68340986263053,29.718843774918902,24.838444508202137,36.287311282667275,57.37666707463541,46.399302234357414
1.072591814858661,79.34248768819975,48.71254821019701,108.62901408725489,29.908200053163768,24.590616998165515,35.92955752493007,57.15344984508126,46.2009224945787
1.0792538758205161,79.01581703132365,48.971061168172525,108.60500166260988,30.112076253704885,24.499097406041102,35.562970810564444,56.86005740169756,46.01405174390899
1.0859159367823712,78.71688847102982,48.506851704251446,108.76520531980697,30.34321698525,24.225128763945357,35.19141743687385,56.505330439728226,45.77484767307408
1.092577997744226,78.98450752139581,48.14282883978998,109.01927924707638,30.457705112710585,24.390857650236217,35.013283595659445,56.13434011574337,45.46635525286883
1.099240058706081,78.6649273576083,48.041409902610454,109.246447239937,30.369997081662667,24.63081403846301,35.413991580966666,55.96507526231565,45.118182775840765
1.1059021196679362,77.98206434125679,47.961030401201505,109.43815569943324,30.263685595683704,24.82683075120456,35.246177035129854,56.237784938416006,44.738281567252166
1.1125641806297912,77.50265845991953,47.95511015768316,109.58606554534798,30.602699399293883,24.971338193657193,35.58049100198603,55.80264841700253,44.33421724443393
1.1192262415916463,77.65417695817601,47.92166259974472,109.72513304351611,31.026019134053264,25.0574236064208,35.664419281868454,55.24866970639028,43.9316034108958
1.1258883025535014,78.03251263111619,48.59645092735543,109.88620034322754,31.35256827107394,25.100604430902308,35.86672149225493,55.035545397821025,43.566552744977834
1.1325503635153564,78.41218408677327,49.195854275277924,110.12339583729798,31.39538875948498,25.40181867912926,36.195463397744106,54.78518487472687,43.21861029687442
1.1392124244772115,78.53345218229747,49.02766801700837,110.42900261876049,31.351485061034413,25.521578014547547,36.55686772358344,54.828583488885386,42.39927419578909
1.1458744854390663,78.23662657847902,48.93975524495505,110.82497585697425,31.260600013861232,25.312757935439702,36.75849612961404,55.191865106979435,41.77027510519831
1.1525365464009214,77.91672137674149,48.846196469742864,111.53674458455079,31.136429288466054,25.35256670743506,37.28988494487615,55.6459367819965,41.31515581628227
1.1591986073627765,77.71419231191297,48.710185798199845,113.37227123751708,31.011828659814622,25.38908405467906,37.68958915832078,55.99746639378269,41.01672380923915
1.1658606683246315,77.92256283240528,48.08352192828647,115.03780463498414,31.175589736803317,25.440674584630077,37.77740100995246,55.83138932316546,40.86944827352893
1.1725227292864866,78.18619497978531,47.400953572951366,116.71330444652745,31.338294560938312,25.54264486898732,37.89419140880955,55.6437698729664,40.89512272339988
1.1791847902483417,78.45126712356601,47.49940835011776,118.43227265875682,31.534903268279237,25.643556652552142,38.059369223694205,55.38376608643005,41.06155259923814
1.1858468512101967,78.47458155614282,46.86040073055713,120.20498675798169,31.889327034866735,25.7807435655423,38.44709556120007,55.390968806455795,41.394296796435995
1.1925089121720518,78.9769675916475,46.577236970692546,121.9573997705647,31.69912831856487,25.955278936567836,38.7722347607975,55.634515341626994,42.28091183095557
1.1991709731339066,79.60168824484089,46.73375385528608,123.32909447756624,31.499397412985743,26.13682607202714,39.08551587304702,55.90704061077852,42.3337361242116
1.2058330340957617,80.31352018026683,45.876657121878424,123.68734584688943,31.495888121375486,26.252726623761486,39.444074660303215,56.2172474949043,42.74868282196614
1.2124950950576168,80.33585025178675,45.57170861504058,123.66680620845264,31.8257727217764,25.796214661525788,39.810746009819056,56.53883568032448,42.79994085736453
1.2191571560194718,80.28384101573673,45.26440098348649,123.33248419658932,31.968530590703082,26.033745552917154,40.15469884788439,56.808699301792345,42.917149822012284
1.225819216981327,80.22669478092061,45.00583866536428,122.64493101444894,32.03877114396347,26.579785739345308,40.42346923957601,58.34275603909118,42.8165379300044
1.232481277943182,80.19942706868278,47.183535368256216,122.29145256301501,32.14931252007764,27.08731377146924,40.66168078706475,58.89718620686443,42.9212071238407
1.239143338905037,80.17369617086601,47.20126264482734,122.32569289807932,32.06055945818956,27.191175657855506,40.83898009374158,59.38175037923043,43.1182540965642
1.245805399866892,80.1532742165718,47.19962001234966,121.78621046391366,31.855279603256736,27.25661340363381,41.01069631859396,59.40587629186359,43.09068912147552
1.252467460828747,80.14786648532862,47.129503603957595,121.09114573507925,31.839411162384387,27.018888231229393,41.087051975210656,59.43052527632506,42.93431936618009
1.259129521790602,80.16368930599558,47.035214057421044,120.42651989771699,31.845663790625622,26.42579705954051,41.033374458677095,59.33486158925561,43.00489554135845
1.265791582752457,80.17064865149135,47.276919110205995,119.93183850985031,31.844288266260563,26.06182070715185,41.042068258856546,59.042368129311264,43.09669311824466
1.2724536437143121,80.12451939935673,46.52000371560648,119.50394905513188,31.555825887281046,26.497719024744793,41.12923224448375,58.72782272472069,43.23039178147412
1.2791157046761672,80.07772848689982,46.043747935933354,119.10482408863848,31.318127551327727,26.60154015682465,41.476652177799366,59.15534940641443,43.33729931386527
1.2857777656380223,79.95986807294773,45.65166738215754,118.76243892739153,31.622859608103767,26.12935868295056,41.81595013453748,59.87610144234427,44.314430554445806
1.2924398265998773,80.10269165856974,45.27188283801721,118.44741804197776,31.991535580069108,26.760328683290012,42.14343338865635,60.33218972679866,44.24169369245236
1.2991018875617324,80.11040036613036,45.030641402403894,118.14669295644353,32.196654850580444,27.287458588380886,42.4436856370416,60.93373836060982,43.699579823002836
1.3057639485235872,80.17577115157982,44.6977694233035,117.85564351789486,32.4476219429545,27.514593689573903,42.69450037924218,60.362833805631695,43.6017071136223
1.3124260094854423,80.32295847198935,44.31605886468626,117.59590029610163,32.44015152246594,27.440652541235064,42.879022676033884,59.731523256274905,43.2016499607908
1.3190880704472974,80.60306001343181,44.14015219736436,117.349659999823,32.51640910621389,27.24285245093349,43.022950525005854,59.24197983172037,42.87176315505103
1.3257501314091524,80.88048415535502,44.094197134431695,117.11513371466911,32.58248253518161,27.179168211170126,43.14942888162132,59.76594065001427,42.575154110959815
1.3324121923710075,79.80998754925324,44.0737671927944,116.8874696994364,32.67235961925144,27.00786766448619,43.036784911880765,59.453014537363785,42.73029947298345
1.3390742533328626,78.78595379156852,44.04033740597863,116.67286489414768,32.74561886559351,26.83759617424294,42.555736635858764,59.13974515870011,42.853310884148996
1.3457363142947176,77.07626815100826,44.16888698708829,116.46355504329497,32.835715814105576,27.395499409060008,42.38302741688179,58.4784161339046,43.01300848502537
1.3523983752565727,76.0861938227517,44.729975660129945,116.73901238898175,33.0060635403492,27.74023933459142,42.21373148575274,57.80241492728609,42.91638136702892
1.3590604362184275,75.91994414536714,44.93454470496229,117.88010771441347,33.19803390001794,27.575088597109144,42.11640072390194,57.509538813567026,42.8803793467343
1.3657224971802826,75.76975294720845,45.17112151975264,119.08314458155428,33.41478766911527,27.372196901919523,42.07652642915154,57.28180002118159,43.206852736139545
1.3723845581421377,75.6729385814651,45.46065029993501,120.37460696483153,33.12442214612192,27.146528064104952,42.167865701280064,57.16933040677627,43.48493149760285
1.3790466191039927,75.63595656229711,45.918549897719586,121.74010623000973,32.876907954974236,26.910293567455852,42.077731248323715,57.54427713551793,43.75597535195233
1.3857086800658478,75.79505247336695,46.428911224517286,123.21816914387945,32.9175892025825,26.841965846083017,41.998949449604176,57.928025596030864,44.36605499548811
1.3923707410277029,76.05244096400918,46.88081402890797,124.40502980734017,32.976300501618915,26.708476100316304,41.98189966351255,58.44914026774778,44.14736147077558
1.399032801989558,74.78136118216952,46.9552281834647,124.74097523640037,32.93543748391995,26.510611904617598,41.95833627266553,58.972065297895725,43.478823692606085
1.405694862951413,74.32877920429907,47.028106239926544,124.13730595090573,32.82500684973955,26.255610908342096,41.93664722710211,59.36571264940796,42.41960829852117
1.4123569239132678,75.06136547364035,47.51423023803004,123.12080758080664,32.82378522930293,25.394447515747757,41.84353409095107,59.074889342070314,41.690014941565806
1.419018984875123,75.67019706405728,47.69585199475581,121.30403899259233,32.80031151400374,26.196617082503174,41.719399805845434,58.252708849933306,41.20887531206748
1.425681045836978,76.15449683374126,47.58368593738848,120.47754655179983,32.725756678728445,26.431268737349995,41.57478556398806,57.55953139951464,40.66437973019451
1.432343106798833,76.50536102962354,47.58841204198667,119.87628112203362,32.520832405054435,26.348806602569304,41.12293876026702,56.90362717056219,40.09901574750057
1.439005167760688,76.73538175726924,47.685369781002365,118.7555818137888,31.910450580500964,25.777658231022997,40.66538554934112,56.2502602992603,40.10329195310612
1.4456672287225432,76.81548146295513,47.80958807876988,117.2036856355505,31.528859053011228,25.604514173196275,40.7885927785441,56.122757246971354,40.41592998907176
1.4523292896843982,76.82934491710506,48.01834587680462,115.499218814645,31.649043204029002,27.108010367514886,40.93437552793017,56.33590329306083,40.67190130333912
1.4589913506462533,76.76409171668745,48.27292328774145,113.81094318160869,31.670930603368305,26.65591901838817,41.666229684949855,57.22557215255276,40.65889924225293
1.4656534116081081,76.65778753951855,48.5071438047316,112.60575961235972,32.52586696468446,25.9404204853978,42.17185636880899,57.71574735174782,40.21565734262205
1.4723154725699632,76.5077694558548,48.471770795340866,110.37549025306905,32.69446728215918,25.20877667496044,42.479852569057456,57.92524682922683,39.74100772861312
1.4789775335318183,76.39251867811453,47.999169731924574,107.75403904299436,32.95072092228885,24.37314562570993,42.749976191696064,58.066366937126304,39.223676050754776
1.4856395944936733,76.31983560917851,47.62166046338243,106.46866583924349,33.39042131288674,23.848899503839583,42.747449528204996,58.13874552566749,38.795918821021665
1.4923016554555284,76.29325760050574,47.48617125986342,105.89819792279798,33.94170220869363,23.779166657095832,42.488528813672424,57.839277573705516,38.594009410289516
1.4989637164173835,76.31560325904304,47.35428435831814,106.0755370405948,34.73975109533092,23.703073694352334,41.65394387961621,57.77107389136789,38.30466510737326
1.5056257773792385,76.36440442885134,47.44828608037613,108.75248731304364,35.4943871296085,23.627185734456173,40.51748501785663,57.76735406860036,37.7823442638655
1.5122878383410936,77.98234679012015,48.306023433800306,111.41507455245883,35.81839675265948,23.56606220957246,39.69773283639923,57.92217055043155,37.646470240368686
1.5189498993029484,80.6406709473091,48.3102084917482,112.50002540258546,36.14765944121509,23.535034766348595,40.00697678528515,58.47646163697107,37.53610003635168
1.5256119602648035,82.62865660916938,48.182076777480646,113.25299872251927,35.79050232538546,23.57190955163348,41.48670534870626,59.11795180677723,37.42985511421888
1.5322740212266586,82.46571417653641,48.24097429013742,113.38053516602788,35.119898384129314,23.748201046247228,42.72096563829775,59.855006710826814,37.75588019378324
1.5389360821885136,81.97788033283,48.609746692621954,112.46509810716744,34.4989221252587,24.166112888493732,42.850371346214914,60.01569959112676,38.15697538916226
1.5455981431503687,81.74450607515098,49.11186009944836,113.23250035956235,34.06818948012599,24.593573449700997,42.5734836230495,59.57624125356784,38.89426949414454
1.5522602041122238,81.95261390494332,49.74880413741496,113.48462818286433,34.33465711919049,24.988841524176763,42.31566994025056,59.82746547962225,39.25420146323046
1.5589222650740788,82.12187155555807,50.398315565814826,113.0817223157508,34.61190799788042,25.364254590676524,42.105378837095465,59.74145293976266,39.57693892778646
1.565584326035934,82.30701750071825,50.14412171698551,112.43341580653203,34.87506155259835,25.728642988990906,41.94170559123586,59.58505284022096,39.864129117966144
1.5722463869977887,81.76150069105452,49.630685719464154,111.79872032356249,35.08334127419968,24.86528813549695,41.79679793224803,58.756227706106245,40.25770129404022
1.5789084479596438,81.09336761262347,49.02564146189399,111.1393212300923,35.054545315937084,23.700970695453933,41.77193349281594,57.715998012757396,40.60670852868665
1.5855705089214989,80.44641182653137,48.2416148185,110.45718608414234,34.95697937780993,23.051818296933533,41.99003526745123,56.96124866036647,40.91939120894044
1.592232569883354,79.84942881346237,47.95113765148383,110.02484431437333,34.86020410547543,22.473798857487765,42.1940800191238,56.53361304579441,41.19852297342518
1.598894630845209,79.24205057112471,47.66331779828353,111.06009258579468,34.774320171835924,22.282559254739166,42.397827148648965,56.06322848619397,41.641851609635275
1.605556691807064,78.70967293793396,47.297589355878785,112.12630559294045,34.700922997970764,22.42465807657666,42.619635628365565,55.556628857726324,42.28459562006616
1.6122187527689191,78.18219452019349,51.26331550333542,113.17374120925113,34.034619530217725,22.716300210327702,42.812494238463586,55.236245067153845,42.4760177724216
1.6188808137307742,81.33582718703539,51.11329623345242,113.80240131878739,32.9374238398055,23.00407693583961,42.95724097512836,55.070096006776396,42.79287283405024
1.625542874692629,81.54230796061942,50.93406247161097,113.95137875653191,32.7230611916933,23.260670706226655,42.99417729325725,54.870631343609375,43.14420908649931
1.632204935654484,81.7632708446285,50.24073430176738,114.54328225976067,32.80407092932764,23.494501771684398,42.96511079274883,55.068482353268266,43.69879441242001
1.6388669966163392,82.05881996469736,50.1025129255798,114.99845179552199,32.861733730787606,23.400699011329205,42.89213810158178,55.49282397485146,44.34686664628748
1.6455290575781942,82.3627275208832,50.1866804399918,115.2042832977156,32.86240285021324,23.216981888079268,43.32401495958531,55.90322571166478,44.73388379786144
1.6521911185400493,82.69721650923069,50.26040423801194,115.20485079213304,32.87577596184849,22.880312190094642,44.05102577918079,55.78676378769329,44.96838351157052
1.6588531795019044,82.8320424625566,50.274381970842775,115.33585072553859,32.691026747828005,23.917336568824645,44.47406371439222,55.680215803530324,45.21282164154945
1.6655152404637594,82.66616699487014,50.02271332991418,115.80985641996027,32.2779876344622,24.675466535662586,44.88764309152649,55.80443835847987,45.494070356174504
1.6721773014256145,82.54200361557473,49.65252634731273,116.19271133589663,31.763384377356715,24.8275484586319,45.313225996495405,56.640010658409935,45.592597495239644
1.6788393623874693,82.44937266660298,49.38899371594346,116.53712179487036,31.557065243144734,25.21294217099906,45.72739120002473,56.46002103597759,45.50351548812049
1.6855014233493244,82.38357254300976,49.15568949177297,116.45126461235706,31.227989758606668,25.35749864131451,46.08474564557923,55.63837556378079,45.471023419922396
1.6921634843111795,82.34516558908385,48.96487765439055,116.36598539227562,31.774406534477556,25.41581149864593,46.45242203613744,54.806247790324946,45.45000253291339
1.6988255452730345,82.3229372834075,48.61646655881266,116.33681504833942,31.695061578348714,25.217848816176566,46.842186153066784,54.34522377254066,45.40374389829174
1.7054876062348896,82.3147759657539,48.159016733920254,116.38550913716284,32.11672718046732,24.967142188452776,47.253876056358926,54.43850505065889,45.34486704602993
1.7121496671967447,82.31017737339536,47.93347891676078,116.40141712475089,32.48803622282158,24.739154337659674,47.626338454207456,54.349252827778926,45.2986327020184
1.7188117281585997,82.31025709600044,48.17144794350259,116.32498123554363,32.69700232965607,24.522179006585034,47.9826850632265,53.85089458036134,45.38983575401022
1.7254737891204548,82.23709720516032,48.53884479862794,116.10275258213872,33.27457919171788,24.358925828770538,48.2956102175241,53.59771605005157,45.54355159175199
1.7321358500823096,82.00526462596454,48.923910241101666,115.90070398808297,33.29508626391289,24.20264991235774,48.13187611148796,53.253864507120326,45.70745874616283
1.7387979110441647,81.71326075995893,49.19351665414186,115.82090340184523,33.47174461302606,24.07639463022162,46.50589632636995,52.81118225002305,45.86998858664288
1.7454599720060198,81.52992851835424,49.704571527181,115.80611707302769,33.31624253068837,23.974909766954095,44.89944924881891,52.27458947121774,45.93981586316417
1.7521220329678748,81.554924894887,49.91805502005709,115.82668641510969,33.20572624522969,23.857904883143696,43.271940048927796,51.85727557655686,45.93446156418969
1.75878409392973,81.66464124577448,49.92467039759718,115.8811981889537,33.150893844788555,23.719979497541715,43.17304716151298,51.46415675269125,45.92312115224161
1.765446154891585,81.79332629961017,49.85394536602222,115.89629979961416,33.64145877985024,23.21490447282823,43.82603277167112,51.02915887190698,45.92477094975142
1.77210821585344,81.88777173081976,49.65154104458716,115.85683938983253,34.528972909882924,23.153204295163157,44.43010741270872,50.74705193867955,45.91266651064905
1.778770276815295,81.92366937970783,49.782224564062886,115.78547902617551,35.21929786739092,23.18288710935002,45.00586281642304,50.544476034775386,45.876845533078004
1.78543233777715,81.92731695895432,50.06131372365383,115.62500680275001,35.30054815723283,22.990866685181082,45.31362337208487,50.521720761248574,45.81520354008934
1.792094398739005,81.89639988940183,50.307162770228544,117.23116760273419,35.31449727390766,23.461580413338332,45.37172998553711,50.51633344828389,45.71748779533807
1.79875645970086,81.83023057668063,51.54918115491006,119.0063708812409,35.32740801779762,23.922915116182416,45.44553593901796,50.50319181658835,45.5975243215
1.8054185206627151,81.89099412511251,52.8955865909121,120.21046967171421,35.27330036649981,24.17724839807654,45.449839876375634,50.54276136882554,45.46441720903111
1.8120805816245702,81.74194695937683,54.19291590814106,120.85636560868524,35.473249996229214,24.205163958738442,45.52099762179163,50.60886887495448,43.925887283351386
1.8187426425864253,81.44651607936868,55.434128944187236,120.6450784107585,35.33099301643276,24.208715943498184,45.55632393728165,50.540393945270786,43.32456442624766
1.8254047035482803,81.18223316718402,56.539196922037334,120.23349130518909,34.765861302301914,24.217485006983583,45.65751643122495,50.03302205076349,43.4298573325902
1.8320667645101354,80.94934532351184,57.56557839282054,119.7825068887229,34.2563680411173,23.796058334178483,45.80250648778315,49.66949982027634,43.4555442649513
1.8387288254719902,80.73452553444832,58.66507240205479,118.88737955691448,34.64147194145514,23.802907299065893,46.17840073036659,49.357664369518716,43.43825779825801
1.8453908864338453,80.56574536535885,59.18177089528321,117.48331923241355,35.31038502671119,23.458912932173618,46.50155349094359,48.98890485771964,43.36933289071024
1.8520529473957004,80.42136648160093,59.6583474288594,116.03428103844945,35.698306376690695,22.60230077412816,46.438889490183755,48.65332368287176,43.383787663227714
1.8587150083575554,80.30816903369958,60.14010688379369,114.5241088500797,35.39306173118773,22.25154904778336,46.419455472451986,48.649765538655856,43.5280787349065
1.8653770693194105,80.19156074495658,60.587467619496934,114.63838714294891,34.701136169297364,22.2032901566539,46.31983021609325,48.60448905568552,43.09541583984941
1.8720391302812656,80.16778534446411,60.988745633151666,114.74847450142963,34.08401772940651,22.209059819209003,46.04121634178754,48.84700894820405,43.11704582943973
1.8787011912431206,80.56703677566833,61.29433396856549,114.7484478933603,33.99008534160457,22.255801683559124,45.766191306152564,49.18053520145552,43.24393983328852
1.8853632522049757,79.87507585959173,61.52467652862378,114.81897498583848,34.67594695648626,22.321076799005045,45.528066795297846,49.503500070064604,43.387712377199776
1.8920253131668305,79.78419616616344,61.64420027396952,114.97750120458097,35.56665120823333,22.40033173216086,45.35871300690984,49.814834593699175,43.6833925910251
1.8986873741286856,79.51434351013728,61.68783902889929,115.15697257490314,36.293545574818666,22.483164456455295,45.189807516508736,50.121276984257776,43.97457220642933
1.9053494350905407,79.15647469059165,61.59464900172142,115.43788159788667,36.63220394787617,22.523890009509543,44.9656562778127,50.39952774498411,44.744307805474605
1.9120114960523957,78.50538469134015,61.46323076936668,115.41348478247991,36.42503839079322,22.254736928163325,44.74124876341892,50.67209146440813,45.42344651628517
1.9186735570142508,77.9592774081539,61.3742147001809,115.38209934967942,35.98896578844966,21.73580862749027,44.51051691656945,50.91273992391507,45.63608028492852
1.9253356179761059,77.96884204816709,61.30302117504537,115.09313435840787,35.55559179832903,21.43143809293647,44.29003907408975,51.18352120986441,46.06469366760497
1.931997678937961,78.60175017139422,61.259858200349115,114.30932467359146,35.445731881868554,21.223506593768228,45.0138600136073,51.42158882455059,46.32512376419449
1.938659739899816,78.68495029449139,61.14965922076139,113.33521568636007,35.35923141156748,21.166120049487297,45.08139332155431,51.68714799770918,46.4816422373689
1.9453218008616708,78.87272607537497,60.97876657989782,112.32074378579483,34.97449211058713,21.070868082063285,44.84299881241034,52.19327851930623,46.64545417610165
1.951983861823526,79.18000592488792,60.82133632064876,112.30053913435678,34.553898319074406,21.13306485758048,44.69778349284495,52.72541269365783,46.48570298131292
1.958645922785381,79.42584319412956,60.67416889249086,112.6658909192186,34.11077656852342,21.1435298419284,44.97853986862883,53.221370541401626,46.260314091739296
1.965307983747236,79.5380805729038,60.51196952224217,113.12986352940231,33.62073479362565,21.030891535041377,45.38778284877881,53.683137321684214,46.63917956215224
1.971970044709091,79.67777966167898,60.29669613448445,112.98471186236107,33.29921499983411,20.915493701911068,45.559311568585755,54.63014416708984,47.046802811796766
1.9786321056709462,79.85225909039852,60.0704825639001,112.63180900776759,32.99758878907234,20.76613726505591,45.57407223693471,54.563573317078294,47.6972387389601
1.9852941666328012,80.05941603791105,59.643777956649046,112.33589179212487,32.9609157778571,20.57920566836236,45.5716952024989,54.428548576707186,48.01180016626668
1.9919562275946563,80.10526614916107,59.08136627169909,112.49338900738717,32.70678231033607,20.57283590030432,45.520481506125485,54.746208156063545,48.47906512174252
1.9986182885565111,79.75578332250609,58.55772099915614,112.88497218550906,32.33245196517389,20.84174799935012,45.436532760339446,54.93448334926026,48.863998940505034
2.005280349518366,79.34164788961841,58.1082076566032,112.38019890597042,31.992705300297217,20.37000608855101,45.38717984424203,54.6154658060046,49.28200800968692
2.0119424104802213,79.06565779565119,57.68405785701667,112.24595271966115,31.695827336426127,19.831538636903186,45.31773865572853,54.94435635781427,49.68637046929968
2.0186044714420763,78.79422340406171,57.299855231478475,114.14007476649388,31.350901175640672,20.036055195221294,45.233544088678876,55.52173319689145,49.780003587730384
2.0252665324039314,78.90704961103454,56.96631581666317,113.90566616747873,31.055202050956996,19.770093888723217,45.13645132077456,55.94160778432881,50.01086495012936
2.0319285933657865,79.09887367371896,56.65253314595131,113.60929869338847,30.856437036056043,19.676338481536465,44.879838765134345,56.37846868379543,50.291589705414495
2.0385906543276415,79.2256049339573,56.28750640635896,113.61737841271815,30.65530015902469,19.928803436501067,44.55777310730273,56.85322242923485,50.33040689413966
2.0452527152894966,79.26234858144255,55.90082631150399,113.86795673802993,30.464722889983086,20.260786484966346,44.24709275534928,57.785221381854015,50.15904191624848
2.0519147762513517,79.19905367708,55.47119490864799,114.06525233963856,30.319192222047896,20.177636571773956,43.92296637052922,58.70471213739687,49.88018398617736
2.0585768372132067,79.05009986502291,55.03937387236212,114.30038572306614,29.976037682752462,19.505759217968787,43.85073438588709,59.41056249158167,49.58231107550115
2.065238898175062,79.00101733886859,54.610504072073255,114.44566983904812,29.72687733562404,18.77899646124782,44.00188482975147,59.7063693111847,49.258230157515555
2.0719009591369164,79.08145851154998,54.210774287935195,114.78707242359845,29.554278363014475,18.254678109313133,43.19332726246834,59.962773055623586,49.30331759976422
2.0785630200987715,79.19144044730255,53.847739005618386,115.10956856717195,29.988411313805813,17.506967756655364,42.469859236800644,60.173196562150764,49.42652335732775
2.0852250810606265,79.34714318006117,53.56095019992024,115.44671509823615,30.495121546161904,17.059658526834703,42.411899946326315,60.343341355649585,49.57549570946626
2.0918871420224816,79.56872753196056,53.49828778110486,115.75189258449595,31.075485332833605,17.740924049603674,43.091009735743725,60.20881027416364,49.73479937915615
2.0985492029843367,79.87177906581013,53.45741899656501,115.93043306208426,31.73110325217818,18.463481889221296,43.72526105370338,59.626260053127034,49.80858203141621
2.1052112639461917,80.25749745519718,53.424884642422626,116.04728953533505,31.919184189997235,19.17595155731206,44.31702053345293,59.22088829667224,49.88708440791997
2.111873324908047,80.72184913415676,53.41613609251624,115.97465056929035,31.963889328104422,19.63644063662969,44.70711466318968,58.958617279920624,49.95202301431814
2.118535385869902,81.25586638041477,53.44339639185402,114.37834410878216,32.165760856272804,19.98538210973169,44.95170230565182,58.822350929579805,48.48098589382579
2.125197446831757,82.79897164806965,53.50913550967768,111.68775364302513,32.02661088295996,20.474554577223945,44.791117937334754,58.7800287847397,48.52387548486909
2.131859507793612,84.3908667281573,53.60149722805403,109.02617931342112,31.843004321005864,21.27802836996606,44.59638413152853,57.82945325945717,48.592292888986016
2.138521568755467,86.00778631097705,53.71270451400514,106.81555309007024,31.650579067164166,21.979472572539798,44.33143817675672,57.37512768285919,49.24151668661318
2.145183629717322,87.23354886455061,53.85988658604727,105.77186326960543,31.481582633500672,22.714267775020225,43.52783269946694,57.315120413817624,49.85966869685309
2.151845690679177,88.27174134138224,54.048198466426534,105.64182662842902,31.363329160379834,22.751699010055745,43.67392103112375,57.320708665503105,50.298117702694306
2.1585077516410323,89.27505076152681,54.279087715226865,105.5480619929393,32.4005645298502,21.909007505247217,43.847139307358646,57.38791376346565,50.282664926812394
2.1651698126028873,89.24410281891568,54.54966937625729,105.46751012321229,33.58120064711134,20.72839908246994,44.03664741165463,57.44952501186862,50.25957230107314
2.1718318735647424,88.92166475583355,54.858282473449364,105.38186343443209,33.195442190475596,19.97953159674835,44.23181066060678,57.276865667031615,49.85622286013104
2.178493934526597,88.66449555835719,55.19805168806153,105.30646282170008,32.6590312256066,19.63367066159423,44.425770561679606,57.047467258583595,49.400058544925244
2.185155995488452,88.50081699335536,55.57024949973827,105.22061326270244,32.18105285001077,19.411975238798743,44.61870173322167,56.90341993251391,48.91936695502348
2.191818056450307,88.44174284002577,56.01213677500076,105.15754929796582,32.0374954174863,19.17383591451857,46.14271419143874,56.489777503339695,48.470894726796296
2.198480117412162,88.46380255443955,56.525046751577506,105.11250745331385,31.91175666189637,18.96924789460806,47.479795805930095,56.04776537313282,48.03204849733112
2.2051421783740173,88.51471928890035,57.03280466303607,106.16950278231,31.866394036098356,19.08792549065897,46.93280461034981,55.82200885134674,47.23808987799407
2.2118042393358723,88.65973385344225,57.15438986182937,107.27334309591201,32.13599046370912,19.49473794207688,46.56699015674085,55.62212261717256,47.0787668644431
2.2184663002977274,88.88240206363437,57.328883912127495,108.43886647081555,32.39374068002842,19.96927737112847,46.28294784003921,55.5691032499648,46.89456484579521
2.2251283612595825,89.17006946031972,57.56137368374448,109.57888588990551,33.18637499278767,20.42316522174493,46.27882200487143,55.658150134702396,46.95007683765907
2.2317904222214375,89.48302637789871,56.70002415031034,110.78989713932866,34.03967230980776,20.032936019374162,46.620425531148044,55.721145132380286,47.91730318589045
2.2384524831832926,89.79159952235878,55.6976620925998,111.89077419520255,34.83185130013807,19.798354497258053,46.4673677782599,55.73032554212316,48.79997365495508
2.2451145441451477,90.07308080298029,54.6802880363069,112.84627359943407,35.63136955460432,19.695892092931757,45.87775966904852,55.20675658508233,49.64244581672524
2.2517766051070027,90.33430731774467,53.65468738057868,112.58097431441098,36.46862948643094,19.613268449888864,45.901075846994644,54.723753413260155,50.48681104240523
2.258438666068858,90.68091243436143,53.196045538731326,112.26097227566376,36.7370235346916,19.554110369008924,45.92906475338788,54.805824580075466,50.652350663530655
2.265100727030713,91.0821971238087,52.885604005858305,112.25883255348168,36.785371913650565,19.557216620369164,46.103221385803195,54.859809997110354,49.30908167591099
2.271762787992568,91.5149772337918,52.835830369107,113.74817193616957,36.48389424984221,19.62805834913738,46.350260887639664,54.465143247136396,49.027488539207035
2.278424848954423,91.96461865393962,52.99033047970436,112.88716083346173,36.10368676933758,19.686335295494857,46.61914764376829,54.49855206641158,49.36220959208373
2.2850869099162776,92.40599411363436,52.38936559387453,111.83341567712115,35.726351205957236,19.727875702959366,46.8797730053034,54.50962893436077,49.65290723591463
2.2917489708781327,92.82198635414198,51.71376231702653,111.46187794574114,35.58451732885287,19.76915672557864,47.13888220201271,54.479389154430095,49.518552237056355
2.2984110318399877,93.22400546663029,52.79652793433711,111.2147836613371,35.377120811292386,19.782465209854855,47.38010165158711,54.43476008720677,50.210903588487554
2.305073092801843,93.69783766232091,57.96572745797586,111.00089603117124,35.244759729336394,20.00218102144729,47.58207108450723,54.322899966186796,50.60177339869301
2.311735153763698,94.24936957861834,59.06021486035373,110.75206633215275,35.0175128268139,20.181242948316616,47.74705523479225,54.555700837839744,51.00265259690654
2.318397214725553,94.90117745423657,60.420485667806936,110.43751257778953,34.72511831786622,20.891285303262848,47.85439827505134,54.930279754394775,51.407687318679926
2.325059275687408,95.31618801572378,61.41988177672101,109.51040521204509,34.37683601718403,21.637407084195708,47.94527090012444,55.389313521672406,52.753821088691595
2.331721336649263,95.4224508697092,61.70826951688508,108.07092545489127,34.02493314929837,22.35415130655183,47.95551332553071,55.08538603527182,53.753486410838796
2.338383397611118,95.36892900175667,61.50431696104778,106.32650663961047,33.48817121267257,23.0187761598843,47.888326217957385,55.36756936804541,53.663566466006415
2.345045458572973,95.54948332298068,61.41276627142567,105.176190862658,32.98389250391236,23.639014050158217,47.9006376812835,55.526099023674725,53.37002783384132
2.3517075195348283,95.89029754584618,61.38186060596017,104.92938389219218,32.951599667397275,24.210189145651004,48.00237006358927,55.8292245679436,53.399318728106365
2.3583695804966833,96.3440603906781,61.32000176412092,104.99321884090936,33.337833097812805,24.733696120640758,48.039761702315225,55.99501781449477,53.70876020208561
2.3650316414585384,95.91558106837816,61.215683553245036,105.35289784776005,33.977263028883115,25.19467611243989,48.0030068430556,56.06418787702118,54.04867380862214
2.3716937024203935,94.85121506302116,61.0227913426269,105.70189610816769,34.34164948999026,25.206811556973463,47.92606375671624,55.98743303529183,54.41619369601062
2.3783557633822485,94.24172956050771,60.74447360373789,106.0322925997948,34.225394899903726,24.631918044013787,47.789435122721585,55.61641619857694,54.82479167966309
2.3850178243441036,93.59411831012982,60.44137621637461,106.34312545141836,34.09907698298393,23.914466050998904,47.63323548178831,55.17155558981541,54.94216769486791
2.391679885305958,92.90093567287728,60.45198127553683,106.30638142192191,33.80797261549104,23.268678914873362,47.76429807910142,54.44384116894655,55.196049680043274
2.3983419462678133,92.01496865943884,60.45421429003786,105.95469551272512,33.013979467034574,22.65324939765867,48.19203741357069,54.07288201551971,55.27167679645335
2.4050040072296683,91.21698202552105,60.46162233470668,105.79230773435125,32.37110340235204,22.07059606323634,48.59038562128737,53.99521539610981,54.64345377047941
2.4116660681915234,90.43961098061982,60.41553898803964,106.42140968273519,31.8660077972944,21.535383816003673,48.6201563576196,53.929459643677674,53.93383162198664
2.4183281291533785,89.94381792145319,60.22938363820522,106.84586908590511,31.536002702636026,21.026056479922932,48.64243568808014,53.847830942694436,54.068708971790755
2.4249901901152335,89.99471761063143,60.10548488118263,107.18336512305923,31.38443382790715,20.557720565443915,48.65491616526523,53.824510334461884,54.64890282705028
2.4316522510770886,90.19805972255836,60.110918056619205,107.47958851152103,31.24680977643816,20.09270714379415,48.638286597894734,54.73001555999944,55.59462092008138
2.4383143120389437,90.49792587199605,60.06249135174937,107.77537101478191,31.18351920414728,19.761127495009823,48.587405575570855,55.12480375988983,56.095182961420946
2.4449763730007987,90.87147327969838,59.98131810203649,108.07606704593431,31.469251722586158,19.677170702356538,48.53675702188025,55.152560190911274,56.243179867022
2.451638433962654,91.26493764114431,59.95661225411187,108.40389648887039,31.84484421370129,19.62316974244744,48.50472093126179,54.529483199004204,56.37001295429746
2.458300494924509,91.65968086727403,59.963979812498955,108.72452778768928,32.254614546034624,19.60938395843749,48.31723235634031,54.71369952540216,56.56368834732368
2.464962555886364,92.08125505152199,60.02664584231008,109.06934810492649,32.68246547407366,19.81345760647283,47.98136806147726,54.89596204851817,56.2352764168012
2.471624616848219,91.87245272196725,60.103618489376345,109.3815775312322,33.15965919936066,19.501609577526878,47.46459382986362,55.07786079193391,56.04332200166513
2.478286677810074,91.56166915396871,60.236323773073295,109.59341703733668,33.16970325085754,19.128215182678506,47.55382912721359,55.266969935316546,55.89076612446694
2.484948738771929,91.19645747038808,60.34753477478891,109.68921284406251,33.01360828148683,18.830464737903196,47.404402949810155,55.48612556309196,55.77832265075324
2.491610799733784,90.44938297072284,61.022546582822834,109.69658329333663,33.07343828677406,18.552783159445028,46.73184190944494,55.75503362806726,55.85435138032503
2.498272860695639,90.05887344299059,62.10053978588814,109.829627896126,33.22209852048674,18.299414151256375,46.00893116951477,56.293064143049314,55.99600893109077
2.504934921657494,89.79057349055066,63.317322666534004,110.03886523357332,33.16179655461721,18.169981500498043,45.26591582982837,56.849575187685865,55.52946912045543
2.511596982619349,89.56160293952028,64.70865756417153,110.31658926510914,33.14387721744997,18.324455801445012,44.55628592937526,57.38236761485809,55.25210838410777
2.518259043581204,89.76440712059933,66.29177037686146,110.60604662066288,33.262559695432515,18.95184166196249,43.848172110951985,57.84407632529616,54.81040030418554
2.524921104543059,90.06402735709464,66.7793976508838,110.93108179638675,33.433175688611925,19.56071872968659,44.30458378290242,58.2811504464879,54.32611849559676
2.531583165504914,90.22443589292966,66.06673436954118,111.29732855160232,33.822157615202926,19.97511482361076,44.60957659857613,58.19944189154067,54.25931018099571
2.538245226466769,90.30412460483458,65.3746442096213,111.7266699301956,34.138240349833644,20.302608043535006,44.62235785232343,58.444051548747495,54.43461433879672
2.5449072874286243,90.28074337686421,64.69651260366969,112.12442121425184,34.304000499837585,20.378898210716077,44.66687221325499,58.955703817517694,54.35855517507305
2.5515693483904793,90.23524259053902,64.02828676998692,112.48078452363033,34.43403178295125,19.344230255710475,44.66009302675688,59.92645182417727,53.974624906957146
2.5582314093523344,90.16783679456435,63.36942864791321,113.2431380151323,34.58197901937208,19.254220137885465,44.59707584244721,60.85876755534189,54.77975490540937
2.5648934703141895,90.92903772720945,62.70107028275896,113.72769236137752,34.70820413752794,19.479724561952423,44.44255000464893,61.772076222815876,54.40502386111028
2.5715555312760445,92.28708974434866,62.03851720706533,113.95416660470036,35.203459467083505,19.71558822828649,44.26824629395311,62.614625018894735,53.95432101306477
2.5782175922378996,91.79765357002138,61.35105419152255,114.12747450050854,35.28347565708706,20.080285842810675,44.05334383589001,63.389205330367936,53.39954484336885
2.5848796531997547,91.21609966219441,60.667485035453154,113.62020521922396,35.32649121804259,20.58732539925751,43.80548842778975,64.1356225785816,52.80941929117759
2.5915417141616097,90.67627910723402,59.98023864435563,113.36155693959941,35.346915562209254,21.07275685685625,43.50974762808427,64.81181687556429,50.55704584029763
2.598203775123465,90.0940067137814,59.23625895779221,113.47692181608731,35.356178883376984,21.505570652237644,43.20635133935854,64.89807190051442,50.54545204546552
2.6048658360853194,89.66597251096837,58.50638788372978,113.62114283774909,35.35113296146716,21.8847027899616,43.17067924163638,64.9199825252663,50.54988688679501
2.6115278970471745,89.2509722265072,57.740424204599364,113.8311944298286,35.26506375337478,22.221275974150437,42.7578150813765,64.87054571916747,50.56773167195768
2.6181899580090295,88.90608479413713,56.95537075022387,114.0724413121486,35.31630375601735,22.569549880069076,42.27368926354564,64.75251740740781,50.627005515406125
2.6248520189708846,88.66751317238331,56.1237836927663,113.53235741028706,35.46553996174845,22.884328451719274,41.781529401942194,64.57726005333993,50.72646515327793
2.6315140799327397,88.50855171075199,55.27973830476653,115.09387116489745,35.4913303682511,23.146882587495398,42.072571491770276,64.35947018510818,51.30304482195308
2.6381761408945947,88.83191133312559,54.42274382636256,116.10915366819188,35.05474965914047,23.395219935139814,42.774729826627556,63.876457518453975,51.83707488897599
2.64483820185645,90.13078908340702,53.563920838180344,117.12907036788825,34.439085396685705,23.60648593771077,43.71390070850417,63.21742977828947,52.29245319263403
2.651500262818305,91.31776282548324,52.95242847057166,118.18167638586556,33.84320470280379,23.982995970818962,44.68086462390482,62.65394628571998,50.7792768364222
2.65816232378016,91.16559048593035,52.366476131989174,118.69354720162238,33.588380661260956,24.425590542780814,44.880120276757374,62.106366494931194,50.78517573074353
2.664824384742015,90.990361036617,51.78252943351424,118.94725115921655,33.02432790842076,24.845922142186485,44.43590431462666,61.68298150994417,50.751684372985885
2.67148644570387,90.77948009140675,51.27829238888486,119.14175160520092,32.37729523327277,25.205945741869503,44.02245580425877,61.46597255647919,50.702205953172
2.678148506665725,90.94560896385295,50.848406914382466,118.90319744474881,32.21839074218033,25.462501356141537,43.6747316810028,61.39378907396727,50.678453358143194
2.68481056762758,90.74287017189383,50.49094784572851,118.67088115678214,32.826408082096115,25.702857608643153,43.25607371164216,61.29672825714748,50.680021860659664
2.6914726285894353,90.57629694359127,50.165042494074214,118.45314185015413,33.91022829059591,25.69497953135157,43.57704104778175,61.15595994674894,50.6905449156729
2.6981346895512903,90.71263865224142,49.85364433129099,119.27329904294479,33.78829389914824,25.08548512718795,43.90401980458486,60.94574547530789,50.86928115845073
2.7047967505131454,90.87332683263648,49.571762485304994,119.01860279578861,33.524923850443585,24.55929357657738,44.00750678786284,60.66929736903242,51.05875568920858
2.711458811475,91.0985666642128,49.316329933999654,118.76428764199123,32.19932913639774,24.093164770992644,44.143224855110134,60.54396731908964,51.18423017670867
2.718120872436855,91.3722015373166,49.08369935125552,118.6248487772426,31.571532646691608,23.629053123651552,44.08525681613389,60.662503038704756,51.22745934848877
2.72478293339871,91.66466027809346,49.037366182702385,118.49873827552048,31.17593217371931,23.147341403966095,44.02248090323857,60.79483146856231,51.18442015420251
2.731444994360565,91.31335852254784,49.27700283101303,117.82632331371944,30.93748019018539,22.611261413736415,44.01464009631706,60.99779565141927,51.08222418579738
2.7381070553224203,90.87939060471443,49.28189892224442,117.12333397170845,30.8406275484493,22.369494883710058,44.13897099503905,61.21030140330923,50.913233468124204
2.7447691162842753,90.4447541002559,49.2904221621656,116.65456048599899,30.75636427304147,22.79710046249005,44.32982381273201,61.47187753757777,50.774922031814576
2.7514311772461304,89.9934417473927,49.25071016578024,116.2377789684913,30.684346084022266,23.882652757687552,44.50121750020848,61.78567648545695,50.710931676893715
2.7580932382079855,89.88263263244974,49.163955805864774,115.93344926877549,30.656036194365907,24.910969391949862,44.665022793578785,62.146306480728754,50.606681109878764
2.7647552991698405,90.08154555797154,49.11469226475519,115.59554299977297,30.765190480076875,25.605261772736696,44.9089550337956,62.53210773715868,50.67854091008696
2.7714173601316956,90.30337641463086,49.16015243482467,114.97803410881531,30.84227379184314,25.451330710944877,45.12510345077743,62.56393771324295,50.709063202626794
2.7780794210935507,90.50491221779313,49.165785259753775,114.45889546203301,31.59723759041342,25.262831830972267,45.338467130474385,62.57139492557084,50.70649128956644
2.7847414820554057,90.70581938086514,48.91428966486568,114.20089545114361,32.260806582175526,25.183862474067222,45.475564222831906,62.58275709504794,50.700647854519545
2.791403543017261,91.00679577297109,48.59768630828781,114.10825676749589,32.90388238905993,25.07404740404978,45.34067976213241,62.604344258416035,50.671828413710585
2.798065603979116,91.50054035159768,48.252751046477115,114.4637795474633,32.833466017112585,24.972466920097652,45.20394423609478,62.64670974484932,50.635233199364116
2.804727664940971,92.81483433941301,47.83079237222488,115.03778447457776,32.46545700409757,24.595601034753777,45.039070165397696,62.671806862006385,50.650781915699866
2.811389725902826,94.89258597333297,47.490208035843,115.3475675747596,32.16041691514412,24.189471408280333,44.863684881780046,62.69987376558242,50.699515471502394
2.8180517868646806,96.22251379828035,47.189124235623865,115.38828968562845,32.085013822862386,23.81305922900458,44.714327347225826,62.702864851209796,50.78162605932414
2.8247138478265357,96.96037019371578,46.9149831842301,115.12594789156913,32.01491879700532,23.481964452942073,44.618312480372055,62.63609384204098,50.87536465474366
2.8313759087883907,97.57397633184779,46.68348309502614,114.77486895528546,31.928480948088,23.188050681479048,44.800649729634415,62.53043374856394,50.986838563200486
2.838037969750246,97.2729966913561,46.59139055369894,114.34515660617728,32.169256688383314,22.324327480944664,45.0191291561188,62.35981844666448,51.1062658589924
2.844700030712101,96.90627860083589,46.45966381931177,113.77701020443631,32.309866859711185,21.425195749112408,45.367978867392914,62.156294087513025,51.297533500554565
2.851362091673956,96.50849965323698,46.38524939226205,113.2025318717053,32.163662455854016,21.609715476627613,45.729174480211896,61.91576696797193,51.57621935757376
2.858024152635811,96.14054125208933,46.31670783709792,112.74598779101777,32.0319085806668,21.953400918565226,46.07787305104822,61.74305842194698,52.062153850630175
2.864686213597666,96.096198682566,46.24931322819089,112.40166143882817,31.979658628776193,22.261916539552328,46.40021632751675,61.55399557384197,52.233729765497515
2.871348274559521,96.06380707964871,45.82916711210395,112.60473599309508,32.03613877235062,22.53252133325559,46.41150314001375,61.41967914200853,52.56452099210223
2.878010335521376,95.4775298928307,43.97222440376056,112.79756272245332,32.06563048871456,22.784470669063513,46.348060176915666,61.361969327781345,52.96675059893775
2.8846723964832313,95.07072766134259,43.25492336605258,112.86597474801792,32.094221170041415,22.336393621348037,46.166596149455856,61.58251547953081,53.28488375438201
2.8913344574450863,95.01871606609373,42.42472961800658,113.00175012474979,31.9564555477948,21.89849479857136,46.026363554319815,61.4559898707826,53.81934381752578
2.8979965184069414,95.28710679530778,41.578488575528745,113.12594176640431,31.963376493706654,21.807876125502506,45.9571338377722,62.344273476882876,55.58777647375164
2.9046585793687965,95.45742202895708,41.36585074205911,113.22912640811981,32.09207281421313,21.819540480781605,45.57090033862529,63.21101616079304,56.56676128303536
2.9113206403306515,95.55147995742391,42.07366082570671,113.12454798537387,32.144955678313465,21.610103493029463,45.541367330329244,62.83112987363844,56.56873375301792
2.9179827012925066,95.6544695992602,42.43898585223227,112.9174173491535,32.05894222816464,21.058298914687164,45.774272178506735,62.38658890669323,56.55676427219577
2.924644762254361,95.84216504700078,42.48472417415819,112.65462005595867,31.8872483065906,20.459409805720075,45.96038524137958,62.167668035707116,56.85770381964494
2.9313068232162163,96.13238974225088,42.66912567720526,112.51840059133934,31.51038714027462,19.90118412713113,46.1270748135102,62.332155273787535,57.367086535116584
2.9379688841780713,96.33742481856402,42.94216963239233,112.79270404152041,30.9227159102729,19.536475054035744,46.309333955397726,62.49870133504327,57.03248857786994
2.9446309451399264,95.96211453442345,43.243940797731156,113.0156531005864,30.355322488250735,19.614529555298553,46.48079107364563,62.61697431421364,56.527563701437764
2.9512930061017815,95.49314681640475,43.53259815743904,113.66829809547949,30.507187333329732,19.73361309237788,46.38139314623025,62.676436995977795,56.35291511876083
2.9579550670636365,94.85234529574029,43.90162942998275,114.70617851962507,31.070057490614516,19.926931087379522,46.67275550938604,62.6665748534859,56.323858005817996
2.9646171280254916,93.83935728668362,44.54215484877005,115.77913193177783,31.229766285489575,20.194967755466713,46.724472014773106,62.62340467780942,56.322621217701595
2.9712791889873467,92.75162420882617,45.560397524315604,116.82130726091171,31.39672225164962,20.48636097291813,46.72539680175559,62.570082083226936,56.32983392310187
2.9779412499492017,91.71157206523858,46.72223326156916,117.53155219777369,31.57621618946012,20.799492533286305,46.72183919498718,62.711753963575376,56.32524789661724
2.984603310911057,90.71218336196878,47.5020925887617,118.20684808447878,31.60465975208364,21.089158295462664,46.90095824741002,62.80356894456819,56.30613427993518
2.991265371872912,89.81909523488198,47.34016006728197,118.8370364374508,31.574183347114847,21.343489407862492,47.34300906913402,62.861711813194304,56.474358766774955
2.997927432834767,88.99517619932305,46.891670188672414,119.42721179404859,31.64722010806108,20.88757829014339,47.791532322667365,62.90706530393582,56.933238809467156
