dur_s,peak_hi,peak_lo,height_match,min_nose_gap,base_gap,ratio,speed_rel
0.33976194013394617,1.4410451752463374,0.9226416872927651,0.6402586838646785,0.24452886918205496,0.8482546577566142,0.33424407526645356,0.5662760305306622
0.6661998826155807,1.4385020067671326,0.9673904305544017,0.6724984921838936,0.18620712027599576,0.7745921131833595,0.27229596475908,0.24172625243139137
0.8727218462264107,1.6270824800330037,1.1690336847329257,0.7184845876462348,0.32167148427600273,0.5796119458322869,0.7662767002925036,0.5887064550948758
0.8860458438787223,1.1737331327402578,0.9523600780586123,0.811394048181279,0.07958834887205063,0.7307948599527889,0.27319220654712323,0.34754667042477055
1.971951652542119,1.433372218279961,1.188193544020899,0.8289497514098082,0.030970563179407433,0.697263085397367,0.12534903665374064,0.4711823147188283
3.0178854682485805,1.3480705315657804,1.160968633524719,0.8612076344227011,0.006675689308941245,0.8963904012360717,0.048295033210479094,0.14388013768913602
1.1591877957511105,1.4798532922241077,1.1647676706362162,0.7870832039611565,0.03637866692736073,0.9039021890482336,0.10944348671171188,0.5906222746563637
1.1258778016203315,1.4449044172520833,1.0943986703155295,0.7574194232147584,0.18833883137837706,0.5392448280505694,0.4288146205042722,0.7433010934647902
0.8127638567910085,1.4595616562335574,0.989875196209409,0.6782003295179811,0.18589144985643344,0.888022635105221,0.34938586293185303,0.48522365231849796
0.7461438685294504,1.4337118270000115,1.0933653550513867,0.7626116590941521,0.1877964767561889,0.9218204398531571,0.26215115152099944,0.5113592379879638
1.1858357910557338,1.4820780413553625,1.1278701289071555,0.7610058967446254,0.09246774527595134,0.8960176222928703,0.149349911790905,0.6401901564791469
0.7794543819326472,1.3319766213593534,1.030202188121224,0.7734386411901492,0.32161598319470563,0.6818966306632732,0.8063156490502831,0.9388268141282764
0.26648030810453227,1.4745714107564123,1.0176380625940455,0.6901246390447966,0.29850763887941595,1.0158867778673377,0.31417776654046425,0.6975636021210708
0.4530153165810934,1.19740132257858,0.7558498295593639,0.6312418529250129,0.0866459849819952,1.0871850725881096,0.1257560560053604,0.7551496038440685
0.5729311356760887,1.1750811628388333,0.6085528749259976,0.5178815678193821,0.2886562052462849,1.2142680629930356,0.515899916341116,1.312352148700173
0.7861148140671915,1.3200859095198678,0.48928307313015257,0.3706448721266263,0.7651348870385976,1.040142080372922,0.9287726143779601,1.0978938885730878
0.4730022317710936,1.1047351494135191,0.9174789819446328,0.8304967778310515,0.05884049443907452,0.7479811023276287,0.13689060690805216,0.10941495862508618
0.3397621664834616,0.8526289027764058,0.8422129694182725,0.987783743520521,0.20991418989542535,1.0134364477397595,0.2417367487605799,0.2747737937641498
0.4263682089204224,0.9597564000303014,0.8931632943752178,0.9306145750598994,0.04216459267263958,0.8039359615862496,0.07986392729364906,0.19661469601258902
0.299790146897172,0.8215343503581934,0.8198736992883222,0.9979785981326926,0.17786810873474473,1.0623510935897662,0.2877339676381205,0.22013170659506945
1.032610505979148,1.3022632949113784,1.0692801490360127,0.8210936706995027,0.04500669459450443,0.9140001034361998,0.10951891415603811,0.41917319273305575
0.2531561240465008,1.234915907495941,1.1056948343188069,0.8953604270600435,0.020265292556852207,0.7423355134300158,0.09070738162921826,0.5693502995824562
1.3790346757269911,1.4076943321083761,1.2712619675631667,0.9030809733098323,0.01777050782687281,0.7107079227661339,0.17150194965225052,0.3934099762856147
0.2864663312123722,1.1542864602970182,1.049880569448088,0.9095494104452505,0.0779889528059164,1.2182214591080238,0.08579219168938924,0.7480223137478408
0.9726531245815427,1.5064364595032629,1.154310252748187,0.7662522009914795,0.17211174681101005,0.9275072208916146,0.247430667797197,0.4971082994905155
0.47966455458815804,1.4527139170361636,1.0570276150995865,0.727622694808446,0.19574821288895425,0.5229105437384589,0.4394208992735895,0.8921269526005462
0.3464244005358919,1.2408670661604961,1.1312432823681131,0.911655497367996,0.15905909141126143,0.7462676009296789,0.28810068883604956,0.8716425147462177
0.6062427009378109,1.43676264819662,1.106070491240528,0.7698352213073143,0.0817964417403505,1.0401207611352932,0.09263377066240587,0.740736589425572
0.7727928935031435,1.3258664920584111,1.1211156690187625,0.8455720660669442,0.11315168457171192,0.5627319017543833,0.3008483753080329,0.49240390505414494
0.7061728164770105,1.5826334800888708,1.2881601731816414,0.8139346155556537,0.03026566101922248,1.128066269475783,0.06493193617304949,1.0710079070125456
1.67216393335594,1.5926693048575848,1.397430138020061,0.8774138697581154,0.10992677877119392,0.9627041542030188,0.350771159503949,0.7617946427925222
0.26648030810453227,1.4932860050663648,0.957338380874679,0.6410951268723187,0.2570274648067035,1.3415136176221631,0.33959506120598315,0.9488558453433587
0.32643881237562844,1.1543100494595424,0.994968106186966,0.861959147503583,0.03548198908594934,0.9297572591854497,0.0608679274788648,0.14914574445255355
1.2990932329234193,1.5278187534983936,1.376855412263708,0.9011902813151035,0.0835237447779288,0.4403833859597892,0.4077479674768196,0.3591752169101335
1.0659226526551133,1.2221841817795682,1.1253099874500274,0.9207368285617258,0.18924340724427502,0.6305842503586847,0.3592049309267027,0.386816944279055
0.55294737606484,1.2493551036383868,1.1825732575917325,0.9465469458185496,0.03140271780681404,0.9964299776628435,0.05326754293437167,0.3286069552535666
0.4463551107993287,1.1856353272604025,1.0970827887556547,0.9253121626281476,0.03339818289918369,1.135356149465121,0.050511152209571954,0.3953499619078019
0.8460761055449962,1.3613525998911193,1.087946515892364,0.7991658560606398,0.21419721378140807,0.6501845773395891,0.46279046768764437,0.8381173634158116
0.3331008289547229,1.2317907221702242,0.9554773169116964,0.7756815339770489,0.30614608284015915,0.7307176383350824,0.5497904221941199,0.44936640972937464
2.4249740347903828,1.6117147266642384,1.3946432579150332,0.8653164451760781,0.13096049698075118,0.6969796546504554,0.27640941053739254,0.568068032986968
1.145866851604247,1.6941232426864852,1.21132426931282,0.7150154361803935,0.20720485832092897,0.5959033167093668,0.4636009121851435,0.3813971871594119
1.032612569759641,1.5358301037464854,1.414931636570117,0.921281353398758,0.0722276702555034,0.759675601634234,0.14934666676260488,0.6257442398172056
0.7528078734376737,1.5623742039488595,1.1587960691076318,0.7416891972350832,0.2539739458129265,0.7697464902482424,0.5799180654064786,0.6851871663804828
0.27980469632196725,1.4565372183424685,0.951779755972028,0.6534537833884865,0.3568524894974489,0.8672317075251461,0.4131981954201275,0.8650459394827126
2.21178950425936,1.7932453707186944,1.0583071002980078,0.5901630181673694,0.2936301430448185,0.978713183415794,0.44195638719415603,0.4589312845352448
0.7861179563331461,1.5365397138526675,1.1646812677363918,0.7579896941395088,0.022245952244717444,0.9426785573017529,0.1143494454884725,0.2043230228198218
1.0525986194969243,1.3717651452652573,1.316785045022533,0.9599201798992401,0.06873332795720857,0.8967248395383305,0.16234546662756688,0.5676899781479245
0.712835773963107,1.7362746248318457,1.0846242446816514,0.6246847296905551,0.21180102283305363,0.7771695072673099,0.3875473902590113,0.7330785027611122
0.319776795796534,1.304948271931325,1.0210720496344263,0.7824617048791048,0.10535815989667748,1.0335379043938613,0.17932514233678265,0.5842165509451862
0.9060342547568463,1.6645116657334191,1.285477935163397,0.7722853264575879,0.13593758383842336,0.6944789292378313,0.37362057373864127,0.5731351012554061
1.1991629842370024,1.8581905140910198,1.4569435478184558,0.7840657547060809,0.21838563320529658,0.6992741170547943,0.4364814331779644,0.5105888156408034
0.46634116053661206,1.7665488372869669,0.9849404370603915,0.5575506412678887,0.7046804957458352,0.7366017305548799,1.0265884598731931,0.2313845619684919
1.845378592409165,1.4093668566079667,1.406966126921818,0.998296589936898,0.046714541256434414,0.7573277667576318,0.18075726158871852,0.2979215928708427
0.9060342547568463,1.5710479638754398,1.2300584960103917,0.7829541327154012,0.15091564689920467,1.0251337063005073,0.2703542329848232,0.7900999322886255
1.1925009676579081,1.3233107258245371,1.262349803601972,0.9539330249253581,0.06555581479785784,0.666265959179515,0.4416587873239272,0.39911829715161085
1.0459366029178299,1.2276075681876255,1.21267094733447,0.9878327396798252,0.03539288750539374,1.2880632063556514,0.08953263014468059,0.3411725112454571
0.7194977905422015,1.8997607404311483,1.1553111265230849,0.6081350677143105,0.10135991307817847,0.606234145523729,0.5450327358415259,0.9521147763847627
0.9060342547568463,1.3808572292092458,1.280201281247059,0.9271061874949751,0.06175682327287949,0.8461254270858596,0.10055676018049142,0.3956657948171598
0.5795954423812179,1.2050532154663534,1.0970697448576132,0.9103911186470294,0.056839437683100964,0.5832490918212667,0.11929526808511648,0.35551595036568473
1.6122080121408588,1.6476716064116155,1.3260455828171627,0.804799680747727,0.08990798443076328,0.757078019719529,0.3880551281161482,0.3908704680756681
1.0126265200223576,1.395379551909036,1.3000957206885069,0.931714757400472,0.056665121090475404,0.903785098286082,0.09839135720410687,0.46099741150200935
1.4589816308216863,1.4036764253507779,1.3818895444881645,0.9844787014520324,0.05669233640115648,0.8230868452401789,0.21385063288527872,0.3012572537196265
0.55294737606484,1.7818985047480045,1.1473449409179188,0.6438890530862059,0.10183373175806408,0.8210021301455668,0.3183367427984341,0.8669567912433395
0.2531583165504914,1.0430649579563502,0.959210663054438,0.9196077921492006,0.09049552108922594,1.04551877193866,0.16865766069608373,0.18372441606044107
0.8260955592700246,1.2559752711595182,1.0471508136225063,0.8337352157067353,0.042198606372706164,1.10112801685479,0.10518599133286774,0.19157130618885204
0.9926470833164006,1.3723979388324634,1.1322873649887868,0.825043038138089,0.03029077532224181,1.111114552254164,0.06718290738316886,0.3653564146322367
0.7861231934988944,1.2295766024977088,1.0160300880348925,0.8263251642646524,0.025138866373427583,1.180489841384503,0.03775712918810259,0.16910941772612897
0.9926470833164006,1.4886431038106807,1.1084870443334398,0.7446291468357298,0.15235477826717872,0.6456055519072763,0.466575934575675,0.4545820286214416
0.89937822985043,1.2902201320217788,0.9978640463840228,0.7734060425955119,0.01569431941074555,1.020650155702284,0.059817398060108586,0.09315801647973278
1.2191571560194718,1.433663387363448,1.2117703910124362,0.8452265724947612,0.054217114572781555,0.9207032370715539,0.15521708381310467,0.5710160355181135
0.532964876948403,1.1192847502585226,0.9831042025180913,0.8783325264558661,0.05155302628970693,1.0707202623736418,0.0732643458475854,0.18355485630673452
0.6395578523380836,1.291788177446717,1.0686854016440297,0.82729151752754,0.02798987442089735,1.2360444849110677,0.02802158697012324,0.2512138134781274
0.8594035739196998,1.3861944099089305,1.0458575713623488,0.7544811635988772,0.07033832699862867,0.5970069125362362,0.27023567277472965,0.591672707646451
0.2931299011819131,1.106722020767551,0.9739519288753448,0.8800330259985922,0.13557597099909105,0.7959438948123441,0.2954055165719364,0.27911579328917147
0.4130466789381503,1.1131166881806238,1.0637288791004238,0.9556310586260962,0.05272480458448757,0.9411953424497632,0.24983673835175566,0.5721484320344326
0.299791944390593,1.001137792405883,0.8646730141840189,0.8636903139038243,0.16751093422411142,0.910208462933288,0.413188249953089,0.22824394691007435
1.578904240457123,1.3423307201522359,1.1934851532747366,0.8891140874280085,0.05635802614956005,0.9644336830650172,0.16608427792840988,0.4963705220671667
0.5196393702770278,1.4469626851559099,1.0893759699516141,0.7528708107868269,0.05545661366581883,0.7577516111875332,0.16432945051562417,0.34535636520179275
0.6129079751985456,1.1170529497739623,0.9322176254858721,0.8345330681723798,0.13514592198218847,0.937164909300791,0.19062362345271894,0.24440513256415872
2.4516319007941823,1.6108878871425405,1.1005950286144288,0.683222611206488,0.07338691565741291,0.9450742540114051,0.1755270546243562,0.3687525776357142
1.0392787405540556,1.5397067699835363,1.2226618242139444,0.7940874509677047,0.013098210125107526,0.8820461298566685,0.10358174608653728,0.42044892181037563
0.639556148033265,1.500879869181167,1.1977123047912452,0.7980067754820908,0.0643542548619558,0.7129831408937274,0.25535021098127153,0.47641084991366045
0.35975033326871153,1.2199485386760296,0.9052215974449214,0.7420162152309546,0.15266974386873666,0.7478940858988072,0.2371299672307595,0.20449292731672536
0.3664123764773914,1.0513883849731198,0.8978894537048188,0.8540035885290616,0.20049062748815188,0.4674131588877383,0.6173389302997465,0.5791443041746328
0.7061765801200633,1.4045058088436824,1.2402248203832873,0.8830328878485407,0.009616916515340187,0.6993885478307789,0.09391145961502934,0.21398378032620224
0.35975033326871153,1.3432717897348652,0.8715865906218561,0.648853491365206,0.4897714038294385,0.7974580086548312,0.7999969495482375,0.30544637047010564
0.3530882900600317,1.0915010391990203,0.9667136197017111,0.8856735678521366,0.06760102332518432,1.358564504224848,0.0945408453141245,0.2762562219540326
0.5529492179432688,1.150459847105992,1.0789054441627448,0.937803650320136,0.01304190512762823,0.691087516119091,0.09784929755840632,0.3650883666890023
0.6928520321216862,1.1209522089537645,1.0911454268191019,0.9734094086290417,0.044356347635596004,0.7619120122742822,0.0828431788443102,0.29190158662811894
1.239139211294554,1.3393832285862755,1.116544527849894,0.8336258839289867,0.2170813062318157,0.5963650425795508,0.529652225623757,0.46570339884397294
0.7994446524480995,1.2354574522018427,1.0578065460495543,0.8562063745411245,0.04640365443110013,0.7776061285289071,0.0812995185228639,0.2922596830187891
0.6062455281064754,1.2154204120393015,1.1621299965401546,0.9561547469737379,0.07977612596919233,1.0142298228703435,0.12117144528244625,0.4912000622489342
0.47966679146885965,1.2132920548760764,1.0691801352003543,0.8812223989297931,0.05239650472990722,1.0756256445327217,0.07076400891003243,0.35617580361539775
0.7661283338240996,1.3175225692176498,1.2098391280799772,0.9182682379387129,0.051366340081419326,0.556685470722529,0.12956132493340616,0.39436729514205365
0.31311331904115375,0.7959596373927732,0.7696211303703794,0.9669097454380129,0.014655485475229383,0.461635370000053,0.11607036914618966,0.4044267410755117
0.9326779716119473,1.1587082583513981,0.7855537027564654,0.6779564200864034,0.04368150203100032,0.5477492936554627,0.22270842967434631,0.24114905993126412
0.27314140597207026,1.022405889331863,0.7943667796033125,0.7769583370870712,0.10271077537387628,0.6351258548001527,0.26002476399558266,0.34002089221717124
0.31977530455266767,0.9668223927851748,0.7953545785191318,0.822648073166689,0.1745698096518481,0.6834581282941712,0.27443809617918996,0.3514190686400409
0.2664794204605564,1.183662066912287,0.9395982019207593,0.7938061277673658,0.28712616502636806,0.49550087026575657,0.5860465789687854,0.35609481878682947
0.806100246893183,1.2478181182909451,1.2021491667503814,0.9634009549379572,0.01850085938192491,0.7657823287763772,0.09695398083687391,0.4565534223644526
0.42636707273689023,0.8460535116092892,0.7489195089158752,0.8851916558934267,0.021626335119435472,0.4543748505525532,0.17813310704213026,0.11300120539146297
0.44635302927143194,1.508399829323746,1.033919684671815,0.685441395956235,0.1809513783659463,0.6990733425589881,0.33085025957668013,0.3077953658411951
0.5063108988750571,1.1265774745466142,1.0842262022106444,0.9624071372871946,0.0843970583220094,0.5533547280430233,0.34323408728364546,0.5218571529324412
0.33309927557569546,1.2935347836021567,1.1089262832538378,0.8572836983677915,0.12895384446965966,0.42499990754180056,0.5829147068956522,0.7699420379800974
1.2058193775840176,1.4713563283805275,1.1562431229390748,0.7858348794487551,0.07003962941849966,0.7514971013755822,0.14955535978548382,0.48098041587970364
0.3397612610872094,1.0619140555268831,0.9929853985260895,0.9350901735954575,0.033473822739312084,0.9519786029700678,0.21490571940119904,0.4043873383845212
1.1192135659343367,1.5478930189443398,1.1945772240461408,0.7717440478288611,0.07675933332976198,0.5926101163665031,0.28597344204533265,0.6895517857854624
0.8527341454737805,1.4833419129192331,1.1742398814500665,0.7916178132789018,0.10525335415324788,0.7060931440794971,0.2574871995243981,0.430495428474286
0.5596067829671684,1.623896942676464,1.1794729317723462,0.7263225274803278,0.1734911420509824,0.5158377474713145,0.5529563574581413,0.8411980796995068
0.25981743494904247,1.3134770221010603,0.9534635542460499,0.725908057927708,0.1411964281782554,0.9612848762528161,0.18620901701815112,0.6581145428813615
0.45301501478294587,1.5090834434456164,1.1772622253878728,0.7801173821772821,0.10521643822965793,0.8778856319211303,0.19188808314071398,0.42730162678553335
0.6528745801283631,1.391430829257751,1.0451822718468582,0.7511564713600627,0.23616710956223513,0.8334019007062906,0.3119804743940998,0.47768378006169837
0.9793118701925447,1.2992254760778181,1.245188885214754,0.9584086120092155,0.06858562868693052,0.7088518069481854,0.19629453822062412,0.6150132941685973
0.7594663483125856,1.291188758564946,1.1775064837371976,0.9119553403221251,0.03426848909367357,0.9565564559320041,0.1683539820025703,0.6778139556651409
0.7261564207550161,1.3968418963284868,1.025801496195994,0.7343719420875408,0.23262593878064983,0.7561387827387895,0.3565607043961945,0.519212283870562
1.7121302764590747,1.405636021686521,1.3307878208897594,0.9467513640501639,0.056571183796639224,0.8399963673576689,0.1804883399049683,0.34477615466333766
0.6861845076859326,1.4300064433674966,1.1237131072432183,0.7858098209662653,0.08008462713025512,0.6009904724329013,0.19771145894385184,0.4774243875616027
1.092565623888281,1.3283650213903913,1.1455375765506892,0.8623665619798256,0.09824873365055992,0.6233229726492062,0.29710166742087374,0.47215299354732165
1.1525234934919064,1.4832142362988394,1.2409931324464374,0.8366917617667748,0.0657103935459671,0.6501539715570253,0.39015984616816807,0.6712781331186051
1.7121302764590747,1.510160495148853,1.3279039847551846,0.8793131518278103,0.06039967230573571,0.8068072149269705,0.2850448940831724,0.4970838548600546
0.8194242179162109,1.7004538531035462,1.2541834173577866,0.7375580437356422,0.13961784029756394,0.8155952973290828,0.2372142247106815,1.0613114004992228
0.45967700029445974,1.139875935224117,1.0207275083071625,0.895472460436207,0.04639290153300023,0.6859422636392409,0.09913804450903609,0.2966475849556314
0.8593961309852943,1.2385789054213154,1.203750889264388,0.9718806641995245,0.10155464328539893,0.7305779734000926,0.29517735343978824,0.5552985788264083
1.5589046096942547,1.578515871072874,1.363176664675368,0.8635812218656086,0.23884256711871935,0.8273962446899094,0.5769359624152199,0.4462280592108361
0.73281840626653,1.58240071906146,1.168579194550459,0.7384849997057362,0.25497733070292306,0.8748633593227967,0.44272333340083664,0.39423016813164635
2.6114983205134523,1.197757168706825,1.071606129899996,0.894677283423793,0.027511625834262483,0.7182307835236741,0.3447155319311188,0.17788960965622022
1.3390590878142958,1.4189597161865375,1.3556788443856085,0.9554033345139659,0.04685461689232304,0.6418575028660434,0.468745661175026,0.38993801630439556
0.44635302927143194,1.184585280391863,1.1119601274648045,0.9386914947119435,0.0672759836760236,0.6540709562678633,0.5117054499397415,0.5720620000343857
0.9793118701925447,1.601116541402404,1.2851089371005406,0.8026329775938265,0.15551601656454622,0.9286461009160224,0.20917384717812107,0.7068032771499889
1.1991573920725036,1.2378763540518996,0.9763066772510534,0.7886948272784605,0.13717077501383348,0.7106681585636156,0.3989744951690253,0.44705899106831143
2.9112876685315783,1.3832888395025071,1.2771813648948553,0.923293334278752,0.06554768036350367,0.589899485918294,0.2709005755222972,0.2941003418901144
1.2324673196300733,1.4532190024539118,1.1916718936267483,0.820022234511444,0.056379799576207146,0.72678035304857,0.28779527920780307,0.4914642699714818
0.366409203133265,0.7113216654864348,0.6821932015894897,0.9590502225501233,0.030440578915331747,0.7014343775037902,0.08927412311173935,0.2662382158083468
0.4929869278520293,1.2930975713508728,1.11798576749647,0.8645795895576023,0.10632476049476257,0.39535570627305316,0.4150579159179007,0.4288484371741028
3.171105103480621,1.528012150666707,1.271363653168202,0.8320376592643433,0.048138256701115496,0.5806935007249664,0.3273658061870727,0.37235694512672685
0.7261564207550161,1.4158785413964006,1.2002319619985613,0.8476941537759592,0.054601213694939255,0.8422120277781969,0.13289542992761855,0.5917241805338029
1.911989841804492,1.7444687662642162,1.307317073925595,0.7494069823475358,0.08030710481715016,0.8126590331003593,0.3039183927678413,0.7579952452832273
0.2864653769950981,1.1537918301219605,1.0389388869606309,0.9004560960106736,0.03896977969876422,0.9341738689274472,0.07371970555322396,0.19995444444756633
1.2857632037221844,1.2138847470541225,1.0717918428583142,0.8829436612160735,0.15528538437616665,0.8355115816576998,0.25400966014708604,0.2345953962225329
0.7461423772895579,1.3580228674977177,1.1064941426011894,0.8147831447345263,0.26841273925834047,0.5739428837600247,0.5688642720586546,0.5770470019953519
0.5795927395017101,1.1621959215492816,1.083027548331185,0.9318803553254945,0.08092460693107395,0.9407553388254466,0.2867734089137964,0.38533530886042155
0.3464232465987233,1.3671128109489976,0.9761557828446016,0.7140272368357016,0.23250011089149228,0.7435903875193852,0.35219941845574915,0.40845509049415507
0.5196348698980849,1.1504995058579686,1.0098297108101235,0.8777315467485207,0.04076610255744812,0.7086085362764489,0.28953844842515775,0.3224431709329406
0.806100246893183,1.2509629922313144,1.1443223529726705,0.9147531622271005,0.029122872013932138,0.5847795513642382,0.11810678185368415,0.3276419245838286
0.7128324497319883,1.5606825760252807,1.0816684332286817,0.6930739471593615,0.2533795342454813,0.5402180803333824,0.6101370956319863,0.4152111145285733
1.2657772471876427,1.2916554268239382,1.1590018681576422,0.8972995770300142,0.016149538762184827,0.5466768201157404,0.2830170850540925,0.6044112520364892
0.2798033914835842,1.1193222410247252,0.9065017132738472,0.8098666139644973,0.09446311357063379,0.6807905255936391,0.21608419037496168,0.6028500085852023
0.7528043628010718,1.2919440793735653,1.21216790038364,0.938251058800775,0.02578825490536606,0.7204778580333489,0.10856351918449988,0.6010641462553226
0.7994382613816692,1.221933360607065,1.1257720625376029,0.9213039751843025,0.10914386876480855,0.6689128340934021,0.2581186657057315,0.5683767380272603
2.93127362506612,1.324966201957987,1.1908022326256715,0.8987415911937581,0.02308410277034418,0.565667417923734,0.12446531631603205,0.4148707856141055
1.5922145372518244,1.4996379946947267,1.2913845948765292,0.8611308858838359,0.026081132962838476,0.6252735027564138,0.203362329617785,0.3553142391446995
1.2391293051415873,1.3407458379461097,1.2585660076599854,0.9387058844709779,0.008884351330717848,0.6444861117740066,0.126995699831301,0.35092228573220213
1.5855525517403104,1.463076810338329,1.1303218467850331,0.7725649390366949,0.002791098448348956,0.4767294186719388,0.39821691908841833,0.6124914744455714
1.2191433486070453,1.3044953608064767,1.1442865797593376,0.8771871592183407,0.04954210022636618,0.612785660788503,0.3305808408828438,0.25931118871115355
0.6129026670592796,1.2652651031123443,0.998361891792207,0.7890535266770583,0.2642238756244288,0.7564962711903473,0.5276338775160168,0.2079615725460358
0.38639515966780674,1.1458733543767066,0.9405256746453775,0.8207937387260156,0.0524483300226684,0.6183403674138086,0.1378372384686185,0.424374909434082
0.8194242179162109,1.2057188075366216,1.1647169825704282,0.9659938746000294,0.04664734159859414,0.5957333644289328,0.10804919326571534,0.24084930109086078
0.4063824698594117,1.3572399522101615,1.0237568930623557,0.7542932194084369,0.18500577780035307,1.2339140790865173,0.17857422290892463,0.5148941354622938
2.218444131182664,1.5820375404899427,1.1477789772387395,0.7255067897334995,0.04193329210740961,0.6119662553406763,0.28860004317321303,0.8009611015256505
0.4730016015434509,1.4952786116411803,1.116501006485185,0.7466842619113916,0.10337897218789381,0.7550873689103679,0.17837684563152878,1.0947800846893816
1.5922166587166868,1.480147820485411,1.2193325307445548,0.823791052399535,0.05577246975963184,0.9793733543724964,0.10944818143822746,0.2994975671629978
0.4796635959313868,1.4074633318660719,1.0265964007769537,0.7293947753621763,0.045135715136998246,0.9678063813419132,0.08486417997732632,0.16421915353810698
0.3064517418450527,1.5195249959045116,1.0418809686791426,0.6856622770189793,0.10407599927340912,1.2051776180469524,0.11741451209327912,0.7992339422796723
0.3530857025606042,1.1673023866741075,0.9055308904756209,0.7757466281343524,0.07307161396729094,1.012621065977415,0.104861484480272,0.27752097499715467
1.0525951132938767,1.246028356699933,0.9805613139371199,0.7869494371172304,0.07296301515540071,1.0210183584642194,0.1285717937870679,0.2655431296581226
0.27980432350975887,1.9258460114218174,1.1222895065991347,0.5827514245391658,0.2133185154420219,0.680413928040402,0.3183248292059872,1.420928461170874
1.4123475147680251,1.4835788788939277,1.369117015950701,0.9228474706861808,0.03588340243112373,1.0986319759090408,0.044486703698217916,0.514434317653731
0.8860482050195629,1.205645543945187,1.1845895959920467,0.9825355403510723,0.02950814998316821,1.3177282865297877,0.15378353375931977,0.4756771672493236
1.3324033158188917,1.4330116844063991,1.114484606406512,0.7777219254622953,0.07790551807154189,0.7035357220131182,0.7672353107607335,0.4859825390559007
0.566271409223029,1.2812833863775472,1.0357405469300713,0.8083618018792266,0.050220986625531316,1.491967834148296,0.0566712059453955,0.2807519855693462
2.3850019353158163,1.507267409178794,1.4813970275668125,0.9828362363211471,0.0038472873556055394,1.1186100667023757,0.15708079063154312,0.46409540717399783
0.47300317711570655,1.4827105159378953,1.0220953516871556,0.6893424850640009,0.2982596199579146,0.9007320832562952,0.3793306276849392,1.1284951999518011
0.40638301132476196,1.0942183450756804,1.0194694956285415,0.9316874463094759,0.05653781408949322,0.8295680741440665,0.08072366091179124,0.27722008473554854
0.42636906106204536,1.1618834921078878,1.0427649195883109,0.8974780403296099,0.050559604142300284,0.8838460850084071,0.08917990599874692,0.23336383790994775
0.26648066316377833,0.9556538663646872,0.8015268751369651,0.8387209044483626,0.00044081833479493575,0.5719643483840854,0.03398496545238948,0.12509561851159987
0.6595396413303514,1.3594035813672698,1.3521611741965118,0.994672364211757,0.017182272677415483,0.5608190908243316,0.10324184663555792,0.4957697002604447
0.7794559397540516,1.5102463486490671,1.3369016110128709,0.8852208861214893,0.014978052861609938,0.5582580579776196,0.19366403175921232,0.899154125467251
0.5063132600111788,1.2211230573201663,1.0276855478120983,0.8415904864391152,0.012327901635049349,0.4215018752492464,0.40516402436927296,1.790683253842743
0.2598186465846839,1.0778201872555266,0.9524540646186711,0.8836854940005553,0.09181874883197891,1.0157006052163005,0.09863540177750328,0.1867332920234799
2.658144615058689,1.5155790806667908,1.4165411653274673,0.9346534162402459,0.03880502253940451,0.5834476045596023,0.41582692108145425,0.420663521364867
0.5396233429066511,0.7311899949528347,0.7101147078986647,0.9711767294415327,0.029826393550925867,0.4584575849451933,0.1538289483972848,0.34771418199467985
0.4197070444829509,0.933567561117915,0.9167724131777388,0.982009713447986,0.0697621445328806,0.540925338866428,0.16247915476219021,0.15823047284849096
0.5262993097484622,1.1431162122825498,1.0555620150653429,0.9234074398766678,0.10959476208700732,0.7109279796640231,0.27703816674543624,0.2743931294448302
0.2997907460592506,1.0462144849739872,0.9459904290007417,0.9042031462833958,0.14917616075133672,0.7865512766850301,0.3106599144616565,0.3908810671481825
0.5795954423812179,1.1414321362974578,0.8310241868885532,0.7280539599876727,0.1336064155305903,1.0255939612391083,0.23289552092238117,0.5761325769229385
0.9726544205477909,1.2080552549254135,1.132947695067983,0.9378277114799127,0.038608658382665244,1.0301743285847698,0.04192515483359631,0.07201828635697409
0.4396930942202342,1.2274466230936747,1.0721788052537808,0.873503405428291,0.026015820080240757,0.7512260325697201,0.1320608187672676,0.3155278472979983
0.41304502790385644,0.9665496127526754,0.9459893257732549,0.9787281617951654,0.2090719864869476,0.4994354643154909,0.7629157365994852,0.40115459689420785
0.40638301132476196,1.1487287950863507,0.9891353616810891,0.8610695282577426,0.008870621026886807,0.5558252670463288,0.2821347552225774,0.08988315847801134
0.48632721027389547,1.2783903829618974,0.9955147436087145,0.7787251506869212,0.059424258682716516,0.5857379960305482,0.16508863986309588,0.1150228044905647
1.365713398714364,1.511936843715817,1.2587051553216315,0.8325117286170303,0.22540323196428738,0.5005106279269161,0.6569254561608429,0.47549282332957865
0.8727241718613741,1.3122863836936958,1.1056566641068912,0.842542205608197,0.15906138293204916,0.6926818662212586,0.4469406908103905,0.16686164021351135
0.319776795796534,0.9898063536601132,0.8696765576926305,0.8786330320842397,0.04620628795220714,0.8645362119755399,0.12278562783897054,0.13829734354108367
0.3664109118501952,1.0695103733739344,0.9984019528729186,0.9335131081742635,0.03702950138664774,1.0631070159582867,0.1344115015913648,0.8547029094860508
1.9053367416210152,1.5877824820808988,1.2146079575851143,0.7649712547485009,0.030048108926407645,0.830801423119325,0.23915876712914724,0.43335853568967786
0.2598186465846839,1.158473060927847,0.9463253588281274,0.8168729949319617,0.10130078070408613,0.7225640861736727,0.15114389043363252,0.10474596229091654
1.352389365556175,1.360008074243671,1.2394163721620464,0.9113301572502146,0.3845334769866959,0.5579577784850767,1.0931295281409876,0.6408892815368844
4.1371122956176585,1.5474678708698562,1.4380669305146963,0.9293032557156331,0.01815446319262372,0.8434661207318491,0.13740949482442152,0.33666206369641877
3.2244160242817177,1.616544807541273,1.3706707786736088,0.8479015071400138,0.0475406569913228,0.6598764933864969,0.5394769199432619,0.4129480607646555
0.6462156081721625,1.1527044292818125,1.085638119190623,0.9418182941025265,0.06878470357392005,0.542789841803814,0.18127229984216292,0.251816208474452
2.851343095852428,1.5043335874894885,1.3348329601569648,0.8873251061186533,0.018850961732675264,0.689368893300244,0.24861870785829637,0.3537981714186617
1.0792466858133023,1.1055648624093009,1.0335786348281335,0.9348873774585316,0.09841350144612726,0.721873645570752,0.21995944823066693,0.24649970531465096
2.531566300055894,1.44234566375587,1.3486310679852558,0.9350262574876945,0.039368923740485826,0.6864276421364601,0.11755131915293376,0.27471074815841007
0.42636906106204536,1.4317468382169105,1.3377213032367357,0.9343281001428481,0.1054237177686907,0.7085987497659771,0.46226076526494797,1.3769395230462553
1.1392048350251525,1.4881522006777264,1.3564574803701694,0.9115045354584154,0.07323224357674009,0.7899296883215489,0.2770079456998736,0.4949213201284435
1.0592606360760188,1.6071589010672513,1.194584380675924,0.7432895278012941,0.15499609207441153,0.5456138439504401,0.44535860579153563,0.6757025675492067
0.3331008289547229,1.4708334574217867,0.9722092700826003,0.6609920825344692,0.3031542064095852,1.015476089838488,0.3377067507002489,0.43654284429356904
0.5196372931693678,1.1096497038892135,0.9661991271650703,0.8707244491470029,0.02751207351273608,1.01368927472897,0.08766846255474836,0.15319777049146094
0.6062447203413092,1.559870152512408,1.1161516264324731,0.7155413703087666,0.3003361705797842,0.8561784845215572,0.4005189756246088,0.3057329343490488
0.9126980954588939,1.3711160740637103,1.0436551101673908,0.7611719604994553,0.07918584261983676,0.7193107339135847,0.3306766283575608,0.2838743584261748
0.6328928399167513,1.470467767229435,1.0233244591658166,0.6959176406116685,0.1433774235914305,0.773319709410301,0.2820172332660147,0.38721556836405896
0.42636991320707457,1.4552987271206848,1.102355625340121,0.7574772139883175,0.17448661585529746,1.0072423278741303,0.2297101182650681,0.44873087940445794
1.738793277465439,1.5559825510169476,1.2618910996600416,0.81099309168686,0.051392940651888416,0.8038785828955525,0.18223711099247206,1.2731685994690596
0.5196393702770278,1.4006402846054438,1.0866272920409814,0.7758075388693259,0.055632088882580776,0.7769480893223792,0.09902388995781398,1.2744559045142183
0.9993064813019765,1.3275335366826846,1.0030525264674073,0.7555760353699925,0.12222142500422753,0.9085239629860156,0.6003660322797304,0.24773587770210118
0.2798058147645534,1.2113927840856404,0.9560611651208089,0.7892247483069201,0.12915320421491983,0.40208554983671874,0.5095497709811254,2.0691963354108074
0.8460794875023401,1.6189693650047374,1.2454369832103764,0.7692776714195158,0.4282791445696884,1.002634720336011,0.9812406239316432,0.8105383682902909
0.552949586320427,1.6854424645734005,1.0945577864606024,0.6494186597687535,0.27529966015964497,0.752619778912717,0.6393189131359716,1.0661297228715816
0.47966711102494874,1.5768291893514688,1.1871178381763714,0.7528512575700219,0.06714042969677281,0.7367100781859389,0.10137562273177153,1.5616972725534866
0.2731437715558736,1.2752965757649275,0.968192425300307,0.7591900140714968,0.05009893638915373,1.4730364895629522,0.0396140781325036,0.9535495191652549
0.8194302228517105,1.2095031813637083,1.1427729879036466,0.944828426672823,0.03494042261717323,0.6811907426911445,0.0793042564121651,0.31507697139447133
0.49965257490957954,1.3661036404773255,1.1251296797074704,0.8236049201320793,0.10591897898964199,0.6073431829701659,0.2563315147261501,0.8385162205343439
1.2924346604327792,1.406837043582128,1.303603775274799,0.9266203084584171,0.009218652914856493,0.7216049321943936,0.15598257874253119,0.6452160577556741
2.5582211835370474,1.383375587155161,1.2700340864165494,0.9180688875884442,0.05304846330093868,0.540926669304949,0.3999851740983514,0.6275070726724242
0.6328932615521341,1.246397581570308,1.1468609397878928,0.9201405368124902,0.06164579623108094,0.6120333230974789,0.19645301605209098,0.4027577554306238
0.3863979912634082,1.0999514965220838,0.9645957481699009,0.8769438936351632,0.16238747343137286,0.5434182618112435,0.47500388759602197,0.5261638492063088
0.8327542915159659,1.2222824492654925,1.187904103942858,0.9718736488908161,0.04206518186850678,0.6193891567107384,0.12484152080867512,0.33391594371241273
0.3797359569312805,1.1138730362422884,1.0601269192015752,0.9517484351519733,0.03691044085131337,0.6042259840728355,0.1662874676298342,0.9627947498929975
1.0392773558119255,1.1480392156951829,1.1318804536807479,0.9859249041378345,0.015606304198260201,0.46741644078474276,0.2899328240631547,1.0199784749522574
0.25981933895298137,1.1012879041183798,1.0742447409404523,0.9754440568385462,0.06324111866852834,0.7668976250399596,0.11201663557065636,0.27626187893708826
0.5729349525629845,1.1363776344785896,1.089947993379444,0.9591424191303719,0.039548211406271586,0.9601199367023929,0.08979366460648214,0.4063462400435168
1.8720316473278915,1.4287376932990137,1.336931402883694,0.935743075271336,0.05338911086656276,0.8264860666655686,0.22149198030273604,0.49747268969253
0.8260922571838382,1.3541427057081599,1.1633140485773399,0.8590778827619763,0.025712233066719065,0.6449556998632852,0.14200869911054925,0.4337323743055146
1.5789021367142715,1.3314082403657987,1.3122055830854231,0.9855771830921674,0.04190225943057643,0.5542328394131876,0.20963216531065615,0.3842379671684845
0.5329627465702181,1.2094524296449498,0.9793408231468849,0.8097390183708034,0.08563723373022847,0.7812015216555155,0.29108934495385136,0.2597838482421175
0.512976643573835,1.1979878742595305,0.975193882915833,0.814026505500813,0.1433465309197287,0.7349443823677041,0.32409647737592856,0.5971498355351811
0.6195691928878786,1.5628347714994255,1.261035189153525,0.8068896419188665,0.10067522492513127,0.7303440326532905,0.23116218185256923,0.5309581291987748
2.071892677291723,1.4835564654656899,1.2412507639489847,0.8366724104157066,0.07825339286132223,0.6297179239007257,0.4655680851689188,0.45071303744905944
0.6462173302163896,1.2385925097209904,1.198615703639342,0.9677240046521403,0.19226203025225308,0.6258719753037125,0.43588571922571523,0.48964871669297916
0.7661339481946886,1.3925649795698227,1.0929613744179008,0.7848548473160135,0.044904058078054664,0.7770049936709442,0.18218541909534292,0.41358324358510296
1.2324763514436297,1.2571141685248888,1.1398756161834993,0.906739932396945,0.025176209891459026,0.9461860454974078,0.2629079132075551,0.2504840252800782
0.9126987035014986,1.1102064559071283,1.1068778861464255,0.9970018461494325,0.034787939570236515,1.23007463441605,0.10232831680391241,0.24361218163742482
2.318387947580449,1.5790465316183606,1.3053437242410273,0.8266657746324828,0.059479439763720235,0.5867198152310498,0.5598040760826377,0.4715309330434557
0.3131156136100032,1.339625327294263,0.9643928754112051,0.7198974636878942,0.2717209074828936,0.8354913934471503,0.3669232614823781,0.49057720572691904
0.47300443758106864,1.0483598289398515,1.0221961216079452,0.9750431992817159,0.06312734665698186,0.7531950374059063,0.21666762792792996,0.13354116360099774
1.1392078707938413,1.4733879303196202,1.3240976517865326,0.8986755114108324,0.16408975221166858,0.747563152467081,0.2996058846832442,0.7775728132547748
0.8993746348372432,1.2976645282352708,1.1834957827412478,0.9120198302335626,0.15479126991323205,0.6947489081796018,0.37607927675592745,0.4832440332888859
0.37307392259915273,1.4179295469911226,1.22049568886208,0.8607590493138382,1.6646965202380026,1.9278270436250593,0.8677211427168895,0.2427883919925477
1.7254668920210814,1.4327134709793312,1.1124471767682962,0.7764617275552543,0.04619529034650841,0.834190971005705,0.3919206822885714,0.352867135265238
1.1925041454508631,1.4112524431344247,1.2669932340059862,0.8977793024697726,0.11312032852728632,0.637612969430976,0.35364237779835545,0.5485825241485606
0.3064535792778755,1.050818520409573,1.0017725230326244,0.9533259107787402,0.04603715519293884,1.0273084359208329,0.17733351187134389,0.6808828983585016
0.58625902122724,1.1283536112249182,1.0510955907409014,0.9315303113177907,0.020318057641385504,0.6327987656843781,0.09284861577246241,0.3671094717987105
0.6262312272200063,1.2314043628376339,1.0521815659094729,0.8544565844194655,0.15833616003213993,0.5816175448432299,0.4338657202142021,0.42047417865549114
0.8394163258480937,1.3073563598955609,1.1786171602135367,0.9015270788965997,0.15417136420605065,0.8172229426250472,0.3146088859889117,0.4740945455007485
1.072587527472564,1.392246023405947,1.2264676781040273,0.88092740613734,0.044698583772613036,1.1334537494146495,0.21730737064224084,0.39715209311952265
0.9859810811549037,1.2962569737677043,1.2434065880526959,0.9592284656634145,0.012259429219679178,1.02067207509244,0.06528751680660211,0.3709042023888267
1.02595328714767,1.4905762637309914,1.2502549961458018,0.8387729139174317,0.43993648215488584,0.8927008692108709,0.5687877017307674,0.41362900415714593
0.6062451242236232,1.205603196712897,0.9599006361130876,0.7961994781784565,0.26914609176836835,0.6919897848534403,0.5250004610906688,0.18753805813897884
1.17251804245448,1.4829836190241874,1.1802436531799687,0.7958575118696027,0.07777655850119047,0.8526665301321972,0.20712296098097271,0.5208707929867857
3.0645357927787544,1.4879676763972844,1.456115683362359,0.9785936256948494,0.047839978473743015,0.6764483527149994,0.2547721595018576,0.1779341828485196
4.097151114258552,1.5510157074827133,1.3687665618917864,0.8824969052784669,0.04261980203926843,0.5629834814662947,0.2946805573626375,0.7495830957430069
0.7194997078697946,1.414169593607336,1.1844715507726746,0.8375739063596073,0.09239447968294862,0.8058515236040632,0.24428883306725807,0.7479071172055493
1.0326153214797977,1.3503368892620202,1.2415742298039079,0.9194551668379934,0.0185132009163407,0.5183011053664914,0.12722735497153606,0.39911979237751966
1.492295690396611,1.6001772513601715,1.2547147512485817,0.7841098541940011,0.12328481646260618,0.5003450083654633,0.5033456616073393,0.4500704944111334
0.4530183345846855,1.4975442394499823,1.012204977373921,0.6759099001614025,0.32611189286044145,0.7346518051435802,1.096657830329776,0.26738217893059757
0.87938853184086,1.4494346624042946,1.115613471074754,0.7696886931241148,0.3062539454755763,0.8266129434769338,0.41250178776295315,0.40425517241256154
0.5795969868951123,1.2049831788109915,1.1059040760538723,0.9177755303979557,0.04786047034445541,0.7527380828973713,0.08650297089857552,0.4402376553988135
0.5529488495666014,1.4211171848468058,1.1228593578221735,0.7901243963517449,0.04948881761088374,1.5627867401682862,0.1105120257173538,0.567620583006118
0.9393468408300095,1.3928364260658819,1.1713860876459492,0.8410076486544602,0.03726852189581361,0.6766340369385414,0.4309615564503308,0.28591667437367385
0.8460783601802214,1.4860906650593446,1.2337542547376792,0.8302012008724994,0.31051423428841796,0.7710170898852228,0.4625103505819373,0.5658542077930651
1.2657865231042682,1.2995869067482622,1.219891987957484,0.9386767299847725,0.05586869000012568,0.8262055030810296,0.18610547195898036,0.13417443656556036
0.759471913862561,1.5038351916631132,1.2499560441919406,0.831178875930943,0.07762128426198914,1.1736194505012336,0.0869967744803781,0.41379218840653564
0.49965257490957954,1.2042391119579408,1.19586052922596,0.9930424260026249,0.08117662398446396,0.7555254700527054,0.19759796676752198,0.7587184069613172
0.4063840942597914,1.276137722421226,1.0372566274716652,0.8128093145806161,0.06446178609411331,1.3172628570304732,0.15281864841723514,0.35957766896982524
0.6062451242236232,1.076693174330602,1.010883748087039,0.9388781987175893,0.040676583536946934,1.3485010543002178,0.12827033019428605,0.2216520644859105
0.6528793645485172,1.4337944597784116,1.2281356777106218,0.8565632746972857,0.08799240188948862,1.03190397076622,0.15097791077614015,0.2885815715975811
1.5522539993857605,1.3624947404841072,1.1800662921509055,0.8661070440034263,0.05531861366557371,1.091628606582256,0.14172053329274398,0.44275936797479226
1.0126292184834145,1.1769563660961346,1.05270060743559,0.8944261977419855,0.1200154272342463,1.3844790134111213,0.18824190774218424,0.2869017454155156
1.145869905125969,1.2175845675395303,1.1990773873039446,0.9848000863931903,0.02328363307393139,1.3323049722152045,0.0944351140740679,0.26612319435492826
1.8453835099993805,1.2207759225877965,1.2030258808363217,0.985460032899528,0.020039003397632402,1.112951535878843,0.14465718470344405,0.25685674174221174
0.9193607378336264,1.342785881593169,1.178378922537384,0.8775627884464187,0.08759500199397859,1.145227096685964,0.19829976748012174,0.4110619817986324
0.49965257490957954,1.0183666466204195,1.0119977955778072,0.9937460137134811,0.11731663793395912,1.525449264953412,0.10474395862653574,0.4698330796478124
0.49299054057745184,1.370141010477209,0.9796730449564688,0.7150162191081754,0.32937941127232856,1.2754184095437202,0.4641798529442014,0.1783444946908516
0.9260227721657541,1.2499156320675922,1.2123535885862244,0.9699483368975608,0.04203140463481237,1.1511431621089563,0.09138276396929128,0.3624961393369554
0.3197776479421309,1.0983993754733574,1.0396264459097895,0.9464922041327276,0.06697415741854022,1.1369763178858245,0.06726110459478175,0.5469721383250267
0.7594703959772052,1.1526599723784057,1.0946233580960056,0.9496498397852344,0.02741273779330747,1.1998044219776913,0.11577080293642128,0.3499891717759932
0.6328936831880787,1.3615901709461855,1.1348906320152439,0.8335038370808704,0.36419725057007146,0.5493222583456219,1.055083699952429,0.48852948696847437
0.273143589586434,1.040115003483456,1.0186969490067852,0.9794079939189998,0.04767160837277027,1.5202997140877927,0.046029921610424164,0.23300316132439336
0.6462177607288804,1.2112635613143616,1.1212017448855072,0.9256463916646457,0.0777100624479324,0.9025281375826069,0.13196210653794035,0.34250825665636736
0.7727964973664961,1.2546404361169967,1.1210712859871257,0.8935398969419032,0.027452272488924602,0.9898969932974413,0.05739313481600734,0.28314957788938505
0.5596112567136696,1.3630317701923054,0.9260057306531836,0.6793720813437362,0.22784280614332705,0.8466112203978362,0.4522785829754132,0.32758696943985144
0.739486303514492,1.2757243836308034,1.2465145910125515,0.9771033673158157,0.10312056416444777,0.9498179490190308,0.29624649525006214,0.5548384244832453
0.6262316444176779,1.5968608336071577,1.274230195965918,0.7979594521631246,0.17511158117059047,0.6957010184131425,0.8893628580998585,0.3960149194008181
1.1058984358865376,1.436257808337821,1.2206070994383815,0.8498523679749308,0.023903490035519507,1.0684482712437906,0.06991497587808293,0.5111679720658268
0.6328936831880787,1.6229465622523476,1.2595541795457594,0.7760909747993999,0.08699817502665173,0.6603600718776125,0.22288613134909827,0.9081399329605777
0.6528797994992812,1.3727911549817913,1.2018259425161149,0.8754616010998817,0.4114282205096747,0.5835664876670801,1.1189482261561619,0.7331356189829247
0.7994446524480995,1.3892657518293514,1.2780981594818923,0.9199810459582147,0.05197442379413615,0.7109367773630585,0.1317711710143033,0.7189069484562269
0.31977786097923977,0.9590505414356119,0.9082731618722282,0.94705453219663,0.004514796751687817,1.1080214486131905,0.10586813690615071,0.3153748800132269
0.852740962611306,1.337561223310392,1.2695972813467924,0.9491881636674601,0.08627584370984025,0.7178198733278172,0.2580891784474004,0.3437533541755718
0.739486303514492,1.2799978419193736,1.07633370291564,0.8408871231389448,0.11579601934529239,0.7081829229107361,0.21397835498907417,0.2827633197610348
0.9393474666265168,1.1157594985391517,1.1128771685442547,0.9974167103227256,0.041456226767318916,0.853722557370016,0.23875264442946373,0.15485545420860675
1.1392086297385418,1.3512472208691277,1.3008849054593281,0.9627290146229449,0.07501018540368294,0.6686807952538573,0.26338504895584125,0.45865380223925045
0.8327548463001035,1.6350553419653078,1.2911317058944964,0.7896562720272079,0.13544201461399524,0.7515167497467032,0.1993561755199083,0.8893557667624766
0.852740962611306,1.2801949371729413,1.2389968952688744,0.9678189307676496,0.059696776526230455,1.0363282974289896,0.11366207462631432,0.46223406036739134
0.26648155081603314,1.0532669316317382,0.9465220125725515,0.8986534981271882,0.03767532104391732,1.5337124393614712,0.030886249497349874,0.222954087430128
0.47966679146885965,1.4317843338016225,1.2363051408316004,0.8634716218391685,0.10234813265284716,0.6351940738049092,0.21571563517585152,0.6675680723808398
0.5129769853208638,1.3286529615652296,1.0782681418426863,0.8115498727165176,0.1015839583746614,0.9923718706574948,0.19086858324253772,0.34817954615486324
1.0326160094121284,1.397407053094685,1.211090654769869,0.8666699170351249,0.10054218016461601,0.6546524722337872,0.4241729649276993,0.4631646014329331
0.6728659158104837,1.2994034952978502,1.209000108022934,0.9304270093146134,0.044614493116241,0.8404435017481774,0.1237465025180002,0.39702067938462593
0.6062455281064754,1.5522764584387854,1.141028616130327,0.73506791263067,0.1718829757132869,0.8755534534832882,0.3070758368856062,0.5826098335427836
0.5263010628616654,1.4298547042950438,1.1074796976389156,0.7745400244599905,0.28727643168473127,0.7664907684126118,0.4955512020439114,0.6708022121205414
0.6062455281064754,1.1199356260812565,1.113899833737496,0.9946105899274941,0.41035959492919316,0.6570895584681202,1.28955876650827,0.19283756702415092
0.38639824868324807,1.1198637245110317,1.0132638921608745,0.9048099960584918,0.026786751695160024,0.8414872518321068,0.07824045952225367,0.2906832788848723
0.3597500936016447,1.2179177559663414,1.0506238698798278,0.862639422681069,0.04831037567258894,0.8710770668233719,0.134554621650808,0.2069497693164112
1.132546590968141,1.6560223167687966,1.2690476037037806,0.766322766821117,0.17705102560258804,0.8159863604579457,0.4355493510018993,0.6528471810913355
0.33310193852004144,1.0315679412879584,0.8956348496434275,0.8682267195364638,0.26089725392910096,0.6194352862523952,0.5600582959946658,0.3711301168502112
0.7261622259736903,1.0246812470712232,1.0171784325239324,0.992677903915256,0.03736078458614394,1.0076953393985029,0.13253326533887874,0.13250410617456046
1.0326160094121284,1.1551301032643193,1.105398075721208,0.9569468171571567,0.03711292793456018,0.9110868034095135,0.08872905096187861,0.16271656242346635
1.0659262032641326,1.0774845467384153,1.053300786974245,0.9775553534968316,0.03757712447525065,1.123114502756552,0.042260741451651054,0.09326233804787905
1.2924355214577607,1.1383025214241875,1.1054308091565888,0.971122165110843,0.030383228315435037,1.1344712207233405,0.12955687718309417,0.17278472654076643
0.3264398997496406,1.1833249942144306,1.0824285703775018,0.9147348155999101,0.005185003711410539,0.8622272174734145,0.1335371856827533,0.19307515050846136
0.37973620991284723,1.104215078588902,1.0567601584941198,0.9570238434387024,0.030553900883305604,0.6836581111457377,0.19647545266915906,0.17432816958311198
0.2798056283568348,1.2710016727690532,1.1494113080667774,0.9043350081220788,0.030444265126664833,0.8610579276849897,0.11315971120050361,0.40007350733364777
0.8460789238409052,1.2994747163098948,1.2560628251977444,0.9665927389219032,0.03612837774325404,0.9575295500433132,0.05800926946646114,0.23993761951304565
1.165856784820145,1.3508772464097965,1.2445314241308776,0.9212764723356232,0.0691659837662853,0.7530154922320136,0.4092139121898429,0.41554733841883384
1.172518823590546,1.4854485354620242,1.1907415563732686,0.8016040461495411,0.05022972810432486,0.8680924754847821,0.1959838804950627,0.4125573193112182
0.5596112567136696,1.2124637364681294,1.2063982678542478,0.9949974020406167,0.049490391785515266,0.7029229122661056,0.09397230146752887,0.5084214498956845
0.9793196992489218,1.0931605063909375,1.0707597029965974,0.9795082211044229,0.044977424333207484,0.8913333808369691,0.09421620474750544,0.1353719967894477
0.2798056283568348,1.1743161660639425,1.0524526626174588,0.8962259849875488,0.4032608999108743,0.6508881974500824,0.6863016941459661,0.3992127001760366
0.779458536136897,1.396370360265307,1.3207685272950707,0.9458583230341038,0.08720483783270379,0.6506530921497123,0.2195229426946788,0.27541170084487554
0.3464260160608431,1.1665201332951762,0.9750156181602063,0.8358326533173418,0.3801576833330457,0.7533411985092368,0.5576373747386589,0.34306374555796737
0.5196390240912646,1.1680930696530392,0.9758957589997633,0.8354606189810162,0.03638117497583487,0.7527200765187422,0.13529362289008984,0.45103004770582794
0.6062455281064754,1.444686354708141,1.1403334762555772,0.7893294434043091,0.3080749261299653,0.816303773048274,0.5015012545390197,0.2924784047223016
1.085912319575335,1.1535077263341602,1.1132207894339692,0.9650744108769669,0.02432828159337276,0.9272423364269906,0.06753485623769383,0.25495646693272517
0.6528797994992812,1.4106634268197014,1.2174468415642443,0.863031406654486,0.058979454521417264,0.7978799133302168,0.27149206535636106,0.761999693254923
1.9919495923498478,1.452997718013068,1.4419790927721328,0.9924166259145935,0.0017933170907732025,0.6151153062994081,0.21840110141827224,0.3363219053151369
1.9653014372682445,1.413933740000973,1.3432870378123414,0.9500353515939276,0.011558981069075724,0.603869027075709,0.32476778820509167,0.30395973053509623
0.31311582220883893,1.0964679199473202,1.0528921619839666,0.9602580639427671,0.029174136231189224,1.118188233502486,0.09991501526769447,0.21287087177940694
0.8460789238409052,1.4700636554767201,1.2679475202447303,0.8625119841042214,0.27667947237588286,0.5927157582750294,0.6386017103019799,0.47466380332648644
2.205134833002674,1.3368631979446546,1.1857475685057595,0.8869625331363552,0.048521392120391964,0.6511953835219458,0.39048076191208025,0.34681287997414306
1.132546590968141,1.233461974615396,1.1590972078022554,0.9397105315416568,0.011919162170670707,0.8601296630155748,0.12270518346012033,0.1421382274630458
0.9859817380193227,1.3534715225214322,1.0193781759118865,0.7531582001909055,0.31040009165702986,0.5945317832980045,0.7902462549845208,0.4893669689744078
0.466342713928058,1.1101756576221702,1.102004076866751,0.9926393803545274,0.04397774632971581,0.8791514665541414,0.07773644866890683,0.4157152709774306
0.6129075668768762,1.0203014727598678,0.9953720543341329,0.9755666152688166,0.03475658790700154,0.9526137325389685,0.11020729543652638,0.23700019974876568
1.2191530949833516,1.2260501963814623,1.207378478405788,0.984770837253824,0.03765373737443521,0.8261965089734207,0.07546260786476451,0.17742008501326345
1.3523938703913683,1.2668627979271385,1.1560871045867167,0.912559044656079,0.049247209832933625,1.1404784679596838,0.09640302678120614,0.16696890449532806
3.963913068388493,1.6773360977835616,1.4529064344478297,0.8661987519184174,0.027163629735435634,0.7600562586944459,0.15751831755303916,0.2815234359653234
0.7528103810552936,1.387759873938967,1.2873066234777781,0.9276148184223932,0.18128817052883467,0.4674233388342572,0.7316137535559553,0.3011918099550986
1.985287553579447,1.6795498136047937,1.4563910985523423,0.8671318270855635,0.06366444660676013,0.637196720069227,0.24738087433538747,0.4618802966750941
1.2990975602281616,1.4488843055588212,1.1010813492089229,0.7599511879481958,0.025227726480513628,0.25935152496487063,0.5463936572245653,0.2908048112788484
0.2598195120456323,1.0209664487885772,1.0022973312689711,0.9817142693163347,0.0636612077652614,0.7634527119931112,0.08795259281738053,0.2802333452947127
0.7328242647440911,1.4817794896234926,1.1602993406510287,0.7830445412264755,1.523299887304607,1.3553716902835706,1.2479323276910068,0.566140948395173
1.0326160094121284,1.3923628927984637,1.3294522655630512,0.9548173629441025,0.038457916447057705,0.5750295531893573,0.2861650174434064,0.34952067786847607
0.6861899933512854,1.5898387955057165,1.1912401452789139,0.7492836057633055,0.300284349300674,0.6610116015930508,0.5518658716982858,0.42049373222197983
0.2598195120456323,1.1746234398097193,0.8629574086909497,0.7346672809719706,0.2579060476642257,0.7057830276273045,0.45221087375865066,0.8335069225234368
0.7994446524480995,1.4750090317319837,1.3226833648771839,0.8967289938042371,0.31404920515582074,0.6865933949651701,0.8458295476710123,0.6034385698173331
1.2790926969136558,1.5237039106707018,1.1333627571065767,0.743820862550451,0.28451691749657404,0.6259931143979963,0.5390995085788658,0.4514734419639153
1.4323173428981042,1.7300682837483616,1.305038646625201,0.7543278256033383,0.1883784362053717,0.6246878441824292,0.4495803417324652,0.8841838265753345
0.4396881145640692,1.1632427052367635,1.0621986269435513,0.9131358590616341,0.06314371020096513,1.0146285116158398,0.11285304723962655,0.9017219439592211
0.36640676213672435,0.9520393588661241,0.8492573291901396,0.8920401465351206,0.08075329890809037,1.0120480172542001,0.128443774402428,0.6676454671342076
1.2391210501351042,1.009231934767172,0.8809016877595511,0.8728436521014107,0.04700151985755279,1.1546493368201491,0.0834087708292777,0.30043844194448693
1.6987949880884492,1.4979660666603745,0.9994819284665011,0.6672260144682624,0.08339986753392631,0.8021111528023782,0.30881644033565797,0.49900706467250283
0.39305452665575885,0.904598265820438,0.8113289973379991,0.8968942656574219,0.04001129883947993,0.9747530259401738,0.36351042726488764,0.4331225408828252
0.39305452665575885,0.83664890378593,0.5014640498207714,0.5993721470877335,0.13505087852206343,0.863700384319329,0.2824933160566822,0.6787241319243607
1.0259389339828282,1.0874374263958337,1.0513068939070542,0.9667746100954706,0.067594406093093,1.0773203956431607,0.12983357903557177,0.310608954674846
0.25981570406058635,0.9735943659773937,0.8054804730337434,0.8273265552693699,0.022506787789861198,0.8640002332965465,0.08407279599484957,0.5277347670472651
1.1591777565780006,1.3471181344104275,1.3141758602325444,0.9755461133389757,0.06084144680280971,0.9255621542581233,0.19372289114517713,1.4019243331991669
0.39971646778551745,1.036696344679058,0.9933786136626989,0.9582156035962782,0.08262193818288538,0.9165408096705578,0.1532734251061902,0.6424692461746372
0.6595321718461038,1.237029848372712,1.066957051517557,0.8625152035911806,0.16030077914857951,1.0370778092581772,0.24986482918979475,0.8502688785082546
0.2731395863201036,0.980333737100461,0.9780861986462505,0.9977073741633558,0.13264395506223317,0.7540466143254616,0.3273078661207381,0.9786648641217948
0.3064492919688967,1.0910367152838245,1.0647022294875494,0.9758628784647047,0.10428661974662515,0.7989037303495602,0.14165109546828658,0.8081237121560776
1.0192769928530696,1.072242784478299,0.8938555604160249,0.8336316861772415,0.05373877023263357,0.8560750677391891,0.13633235311396194,0.32075060335940736
0.5795888782890003,0.8705112230361507,0.632908171645303,0.7270534312445269,0.024501188372062367,1.1939738803074726,0.1925739396297788,0.30503690813865864
0.2997873508391381,0.8221556824449701,0.7767091867797139,0.9447227615941242,0.008739127399877077,1.0336502814030593,0.02502988983384906,0.4458977309324505
0.2798015274498622,0.9264062440607894,0.8338829415126641,0.9001266419119104,0.3282682587696452,0.5920596446429691,0.6869763027029994,1.5897237279291137
0.3863925855260002,0.82844940640732,0.7792560670369006,0.9406199835621191,0.05857471861977861,1.0043917641447349,0.08660883981085363,0.24906734127619676
0.36640676213672435,1.1074141496026049,0.8821984023746791,0.7966291587399851,0.010998315818386565,0.9639574704498685,0.13568940978489163,0.48467086097240675
0.7061657597544142,1.064129043851101,0.9302349088485528,0.8741749078495376,0.39003264771768836,0.5934470275915191,0.949910092390376,0.9376002513178656
0.31977317422841395,0.9569333653714991,0.9150994557156122,0.9562833618622482,0.08212725422163464,0.6110726870416301,0.21073948548227237,0.5787459868520601
0.5995747016782762,1.0844145883471399,1.040992786148391,0.9599583013126629,0.05581368255752907,1.050297337167355,0.11946507699917791,0.20995400209600432
0.6128985839377934,1.1395750199004515,0.9073624938081926,0.7962288379113961,0.21801105183336378,0.8176443843818104,0.3712747043419164,0.6697128902795334
0.36640676213672435,0.8613701241053179,0.8417770885441236,0.9772536392743537,0.14455417464608178,0.8561562898295055,0.3633252759158959,0.3373581309905912
1.6788091646991734,1.5760375173459742,1.3561807894744238,0.8605003209303125,0.039027032026407525,0.9223919474336075,0.12170372728748376,0.43890334618878535
0.25981570406058635,0.9410474516894943,0.9094409531121369,0.9664134911362725,0.11171816720377024,0.9410754958564727,0.1785933187798843,0.8707317939294584
1.0392628162423454,1.2503333563825174,1.1921546487426165,0.9534694428946338,0.052763250187533535,0.8801094738235382,0.1251841006355519,0.6348895217174579
1.0659105807613798,1.1950644253408798,1.1227212849123824,0.9394650707572839,0.07484302837397273,0.9496640319342777,0.10296372919864419,0.4568510576105362
0.5662649960294831,1.2431931834777281,1.0850124518740223,0.8727625491307726,0.0892890615221374,0.7555639058536693,0.3066979488424551,0.6326910573035306
0.4063784089152761,1.0548733559952603,1.0455769362194887,0.9911871697934767,0.09415871873133574,1.1085416984718364,0.11843914997950793,0.2689859166133644
0.3797306443962416,0.9779836635360154,0.9720565687679105,0.9939394746670156,0.05579454551769471,0.8119777433186228,0.12704580580594887,1.5345136992569135
1.0858964041506558,1.2542228584479993,1.2399339104621452,0.9886073293198183,0.03746801996972176,0.954463532567313,0.07848685418081582,0.7497739374098195
0.6995038186246555,1.2811717140118917,1.2606231527573895,0.9839611185372209,0.0631894970817635,1.1914680604978531,0.09282868215982319,0.42247021460815604
0.5396172315104486,1.1032317233545648,1.0785846084801758,0.9776591677408938,0.08139273543627389,0.6235057173827142,0.2097186824230962,1.0405107761659083
2.5715092760868288,1.2165963570719749,1.2095470508702584,0.994205714852967,0.045647572483695116,0.8341218116637201,0.23355852260318405,0.7902915929630505
0.8993620525174143,1.2303269530136258,1.0952269798516168,0.8901918121592897,0.11297212284922772,0.9803049510115803,0.3366241195855298,0.7954220886573534
0.42636423230455195,1.1145395457961982,1.0502730178829702,0.94233804609659,0.05174718509761762,0.724286964374002,0.18107898595353306,1.0034768996565089
0.5529411137699658,1.1227339095040922,0.9412364497432572,0.8383432991339845,0.015636887396616124,0.9821618205746088,0.15966655085673606,0.4419773695069202
0.31977317422841395,0.9771916971909455,0.9192143596040381,0.940669432872209,0.21543890630177792,0.682555996912205,0.40059916316499883,0.4205541949850533
1.345712108211242,1.3181504071898666,1.27452075947969,0.9669008578442958,0.009290063482925753,0.7600104832568266,0.14770355020947795,0.4543934406027603
0.8927001113876556,1.4433999884632642,1.3064691245818687,0.9051331128059791,0.08026522233035537,0.9316995026263488,0.139044495552244,0.5661180128179069
0.4063784089152761,1.3221173053427462,1.0338400005081811,0.7819578461989559,0.15578763450603908,0.7581562847756748,0.38745596744572813,1.2160837045025705
0.8127568178305522,1.0593024708913608,1.0559533189644656,0.9968383421931633,0.0603795691795548,0.6628633514488886,0.1934469645422583,0.3240702544419104
0.31977317422841395,1.0157311374669888,0.9947754514647369,0.9793688652151485,0.0896791608380894,0.8497253218191005,0.16530785246644863,0.5357870072554389
0.6595321718461038,1.1878392922332797,1.0424447618852402,0.8775974735819014,0.007395090004944477,0.9416473183807628,0.20507859647901377,0.33795069044134024
0.5063075258616554,1.0102760979398868,0.9467959938371822,0.937165588464232,0.18563841357068347,1.0881217662455065,0.35321254554769255,0.24814737275126367
3.6773915036267604,0.8014117350007166,0.5279826050211174,0.6588156648600176,0.11185084903237422,1.0727776905454296,0.20928032194000729,0.17134947085274668
0.9593195226852419,0.7150301363034436,0.6055332595375834,0.8468639694937389,0.07219938010585673,1.1380185931675024,0.09507464110490693,0.17929981675878273
1.4922748130659318,1.5192982650465499,1.178971387905915,0.7759973239157173,0.010763146917048935,1.14615487150623,0.17667332773781624,0.6214442364646972
0.7128277008841728,1.4124393707311724,0.7835132932689326,0.5547234872554806,0.22512382421022448,0.9417250262616818,0.5826737553831605,1.5432171354762843
0.992629228334035,1.2828280229061473,1.1925863132101384,0.929654086062469,0.04851968625010738,1.0121224789370145,0.08657687908529124,0.38888040315516686
0.3597448210069657,1.1145512603779335,1.0762346705058112,0.9656215095399654,0.09229897836857985,1.1014365210669965,0.17123351922415225,0.7843751366425622
0.5596030548997244,1.176510186331736,1.0955865457122302,0.9312172205904828,0.05286900321026015,1.0249728901971213,0.09959711523321649,0.2652746817530231
0.41970229117479335,1.2126253951799264,1.1251179844377368,0.9278364026598622,0.049802271083164755,0.5882881776926876,0.2100438799037862,1.2311886631538873
0.4396881145640692,1.220795828255823,1.216992898106171,0.9968848761917174,0.03148080972634217,0.6551840475688295,0.11825964461202124,0.7877058523914513
2.0319001664159546,1.414996202605228,1.3233240670918043,0.9352138646417275,0.01233435151447106,1.0247161774530862,0.12526474777247906,1.5962309562968036
0.606239066045416,1.1435595632225337,1.0689842600498145,0.9347866909856736,0.004666814167701055,1.169193945124405,0.1766018114022515,1.3676554141614652
0.40638003328319094,1.2282895242660428,1.0739230905558468,0.8743240655720509,0.09390669470312037,0.7839830750545408,0.1452882639146622,3.723902534454902
2.105181811762104,1.307277561427287,1.2956807607296703,0.991129044787585,0.021947905322594306,1.0091894965416852,0.14681937137565398,0.4379272189871636
0.8127638567910085,1.2642807010571766,1.0830226230199698,0.8566314601768097,0.07143729502882612,0.6285299938091644,0.21543079340566468,0.5514340043235864
0.33309994130779036,1.1160224753409793,1.073523245669771,0.9619190199030503,0.0941489914310457,0.7010821807843863,0.16822376258928853,0.34106987428563446
0.5729318990493995,1.257478013839785,1.1148686997336048,0.8865910079248909,0.05485514065833659,0.8244033580313361,0.10812718518532562,0.3287107148300952
0.6595378837894249,1.5131636575012912,1.2435085380159288,0.8217938171138423,0.185096931322812,0.632129160536489,0.37237282817983725,0.2981973297887442
1.2657797769696033,1.5270877662848712,1.0930162951111264,0.7157521127749178,0.12007502796881617,1.101548281468887,0.2432462410597368,0.30073209779528914
0.43969192252628325,1.3824907255011558,1.1063467848580444,0.8002562074743693,0.11037033956154615,0.9290612798339627,0.20260345629879123,0.32265968164761866
0.33976194013394617,1.181996358224652,1.0333504638052646,0.8742416646336777,0.07288758863674827,0.8228152988703025,0.17869816549446793,0.6974532711307864
0.9193558380095014,1.2955852527269835,1.1703584418228405,0.9033434421698131,0.03840006463234539,0.9110416727043603,0.06234389762344218,0.3788000884429023
0.999299823923371,1.3281786693637718,1.2433017584490265,0.9360952612230978,0.03304652280922962,0.7170937955099914,0.11380298970044113,0.4565376412719669
0.9526658321402804,1.3374159150419567,1.2361595032245571,0.9242895118275731,0.04298546069667518,0.8760331394017914,0.08875808677934172,0.23060844771456807
1.478963739406589,1.517323956651337,1.2844340133712766,0.8465127092608241,0.16506938902240265,1.0118259334616517,0.30855526832791436,0.5113996651634842
0.6062418931801784,1.3253835474701399,1.2236711590031255,0.923258147680224,0.05920320377633308,0.7214105173878379,0.16490408000716894,0.752213146094611
0.3530859377862578,1.210051561906065,1.0494368595261123,0.8672662327488314,0.04089160448452736,0.8784350577376551,0.07457409265156907,0.4388877310890584
0.6595378837894249,1.3418634176920778,1.068365234267549,0.7961803117824549,0.1076985980669365,0.8478267712802469,0.27265466968190494,0.8015036773574984
0.25315595539392066,1.09950681932869,1.0665334783394471,0.9700107899199979,0.059054978308917996,0.6524873355772992,0.1082998231259332,0.6498835268271914
1.7387816936266656,1.4160097661707343,1.2881587420844918,0.909710351481554,0.03237127216484198,0.5913905153451989,0.28365282597592584,0.273934862943451
0.4663399178309065,1.487687998929388,1.0782085562604882,0.7247544895410993,0.09094935342884188,1.4784869999547285,0.09524613283339839,0.5947090649913861
0.5462839037447762,1.2548557660669661,1.1887809860176846,0.9473447213328935,0.013870616761899015,0.7400052388593767,0.091311602079122,0.3426079380154554
1.5389217288419914,1.26416550461119,1.2331336278198637,0.9754526787211533,0.036680132096906716,0.5073545847006504,0.24076922702334497,0.12281840772720441
1.2724417757957591,0.9889433889094348,0.9399019314983128,0.9504102479867904,0.1304550318086148,0.5005337519216274,0.5479760593331122,0.10027079467385708
0.33976194013394617,1.0468896442270688,0.9925476064848511,0.948091913945391,0.045027385211438994,1.3526482857879985,0.043865249970184005,0.36207538377031834
0.4663399178309065,1.4374615974257041,1.0979078126594217,0.7637823609518498,0.07802117150763295,0.6129582679206002,0.32167416008235594,0.5520720342356733
0.3597479366124136,1.238330118016783,1.027200425780113,0.8295045164735236,0.06145159814698579,0.8087217502652058,0.160298446309996,0.22169851421092693
0.552945902570932,1.085750187368412,1.0618400975939168,0.977978277091117,0.025274229958337557,0.6896896667704012,0.16014326314839336,0.5438655980815811
1.452315744101966,1.546541815990256,1.340748267063138,0.8669330846412662,0.11884291406851206,0.7237220780419369,0.3268599087238306,0.7155904168219597
0.379733933090881,1.1483554832815375,1.0988535485419597,0.9568931960004918,0.0501198390044304,1.2171922475898038,0.05919700075969308,0.32232274966184765
0.6328911533808379,1.595219194676244,1.19724764623715,0.750522342153823,0.16376540478984974,0.8130995366301497,0.24758959056384452,0.5378807428263308
1.785419253748048,1.3954112936336964,1.1434106133371273,0.8194075958491412,0.035843631568471465,0.616368523069037,0.3429049558211332,0.33802998774689036
0.5662710319723286,1.240780487705253,1.0320217838461578,0.8317521060915605,0.024576976006009745,0.7201411933490408,0.23531014724790114,0.4219643426985118
0.4263687770144592,1.5754149305243714,1.0856433402061005,0.689115812711479,0.11479101519341289,1.0733436916934385,0.15042608684940662,0.8299704437515355
0.4996509105638194,1.2026088324858517,1.0744544500633693,0.8934363535667861,0.07318402434883625,1.1336034602241154,0.1302877653783431,0.5203951706645958
1.0925699910995517,1.4526220915184531,1.2089149983652892,0.8322295285359371,0.03932432990029698,0.6468708726272896,0.22821230662941633,0.5546161310279503
0.5063129227046703,0.8871840883801514,0.8161956829946215,0.9199845823259266,0.06455142935777365,1.0536209924921702,0.08206793050121652,0.18499623002557639
1.3790365131561415,1.2919029544587013,1.1086809892733087,0.8581766807227704,0.04565206457059817,0.8810977179293552,0.11340393861688482,0.43589928894997676
0.6662012140850925,1.3831062582731841,1.017326184027252,0.735537257489811,0.09146658113078791,0.7285062000952245,0.1594246490232183,0.3209626174997996
0.6328911533808379,1.1678189646051294,1.0750621418702246,0.9205726011083676,0.10808832219905687,0.7054256527525894,0.5930031613936334,0.4099655696016434
0.27980450991573885,1.1437761942515756,0.9772037305030106,0.8543662085417323,0.10779196440909392,1.3722445565114183,0.08742215004694456,0.2964892630816755
0.4330305006698649,0.9273397516805204,0.922291390840072,0.9945560827827128,0.014130579024097563,0.8466187787423259,0.13181423462322,0.624244370531665
1.1192172940390355,1.0596910032121227,1.0495626659136328,0.9904421786466158,0.04842059404926239,0.9420556089062904,0.19618376087645167,0.5737709414545695
0.3464244005358919,1.128316334445842,0.8329290618157728,0.7382052677849914,0.37532899011142284,0.8891733910282998,0.5772402596502224,1.4523383323888144
0.40638328205797825,1.4483862615871168,0.8244391170104125,0.5692121907501431,0.2899268667846907,0.9292275023079534,0.3672687904911155,0.5589026697893572
0.912696879376115,1.718941098288767,1.3601426851838838,0.7912677674284054,0.07366580979821481,1.463397741617173,0.1770614076161118,1.22772693120204
0.36641115595391477,1.2099431301773713,0.9102913334524362,0.7523422471261044,0.052151918557066926,1.3763715887073977,0.05988344736676002,0.5845522019131618
0.7394843329251735,1.1323196600224332,0.37197882468205123,0.32851043553786013,0.8227375858918933,1.066777100779297,1.1739040260573719,0.2614754107498832
0.5662717864742319,1.2097070804742676,0.44327628366865834,0.36643274295366707,0.24391053966899703,0.9697876532893515,0.6992381292874186,2.065259733473467
0.5995818915609514,1.2541271214768719,1.2390348470620927,0.9879659133780582,0.05194373791767449,1.0527648982996962,0.1794842251802194,0.3357269717639639
0.7261602908904857,1.37079563030691,0.8351285341048124,0.6092290605842053,0.26052147800605613,1.2191429272444858,0.42110355383312353,1.0274730626765238
1.3857003716075322,1.44042744150579,1.408901500864765,0.9781134823368343,0.10718274382502173,1.3377720532698127,0.18375569862649266,0.6038896051447146
0.3397630718845392,1.390463957341064,0.7414004591467483,0.5332036513657662,0.2925059694176592,1.2385812487026255,0.40258648972776645,0.6768174427526824
1.0725860983514819,1.4587319269379375,1.2565326955548775,0.8613869843738172,0.004684661307693158,1.28679560796024,0.13408767688162862,0.4326518484873699
2.078551942146971,1.2092629675346989,1.1175116881869702,0.9241262803782206,0.06609706368865476,1.557955287252405,0.19577485689670898,0.20289718881074975
1.1991645820078678,1.1173253740109088,1.0614409227113428,0.9499837266749297,0.09157637887895434,1.2883005585129657,0.10253899843382816,0.12092824972607018
1.7787607966450039,1.3335790232070412,1.1382542302808192,0.8535333943267212,0.05876772106135626,1.3166745076163595,0.21220463550959148,0.35598060197344084
0.4463557055251508,1.2751958850178717,1.2630059691326827,0.9904407502969489,0.046161581277223925,0.4628846466469145,0.3581396188746243,2.4206623831603356
1.9319873821237872,1.3933017107567804,1.2598289853242295,0.9042040037688216,0.0879531917930908,1.1675703120670233,0.20572428184709543,0.1901747258435563
0.3797354509691582,1.056044771901538,1.0175454147723337,0.9635438211015604,0.4582210447094056,1.2871726178063327,0.565284031916299,0.17536249717894375
0.43969368006955156,1.1225446023863819,0.9494992308912172,0.8458454380099526,0.07130161446727609,0.4942571373206079,0.17959332949307175,0.23245802340733487
0.41970760370275373,1.1268750112721972,1.0313387006264665,0.9152201356050357,0.11784082203120247,0.8304891672570756,0.21106598139632354,0.5264513685269874
0.2931291200463677,1.2149644350872104,0.9438984360044862,0.7768938816194508,0.07436098538913359,0.4493652238877891,0.21975188241156027,0.9699416601067075
0.8727253346835038,1.1903723154474826,1.1686752968369059,0.9817729139622838,0.03149190063825637,0.7985699683190769,0.1251031721180235,0.43566363923352636
0.43303165461395227,1.2055085577933768,1.041594875609641,0.8640294329525361,0.06371541920200557,0.7715515261857536,0.10651303265239478,0.2778921916479183
0.29312931532986375,1.0077010642003261,0.9975334417306982,0.9899100806470851,0.044676560189172106,0.9787254138465853,0.24649433660070982,1.1976591725149797
0.32643946479916647,0.9857828669570756,0.9789676900038795,0.9930865333719653,0.08187879020973227,0.9369106293401391,0.14593389799578185,0.8183948130846954
0.4396939729947956,1.1985009440711296,0.8468021874186399,0.706551122556632,0.0706016304756004,1.271915799158866,0.21434781105354273,0.952406923589122
1.1925033510010365,1.1563301584187327,1.088035600528123,0.9409385309261487,0.06648845074829647,1.057072174381729,0.24973662564737556,0.23379064344348569
0.2798052555421427,0.9486107338343689,0.8587155155311309,0.9052348712734111,0.05342222520486199,1.406497006787856,0.06359876878027233,0.5099386615155858
0.3397630718845392,1.2432822737855724,1.1629955205491558,0.9354235518922361,0.19967875042139882,1.2064475936755008,0.25756389831644605,0.6237244083595899
0.36641115595391477,1.2596101196099811,1.0782302805361546,0.8560031899950216,0.02243545900031141,1.2334798294548652,0.05945508143856539,0.23551955694456467
0.7394843329251735,1.3077710430953733,1.1298680933687628,0.8639647584599132,0.04519905389812301,0.7736405499184216,0.1659277008656741,0.17888221017476144
0.2997909457804757,1.0238914570466568,0.9749551464870808,0.9522055680582301,0.12867931571947247,0.8008221959625141,0.4510688513272576,0.9418992578365334
2.2850732089489596,1.48897287436529,1.1370243799937767,0.7636300160796821,0.038280031820108196,0.8415852009777998,0.20871194750107322,0.4068393332802115
0.4130453030753221,1.2472987197889804,0.9674630221295732,0.7756466087716741,0.04751053186564057,1.3580411499444125,0.05602732723004493,0.4833742864261881
0.2864669037457879,1.5715898114000206,0.9711700753881911,0.6179539141470018,0.20410471377896872,1.0902563167140553,0.23859940263556906,0.5230919288634812
0.9926411315842419,1.5814813872266011,1.2643969745029775,0.7995016474524018,0.06637706112319085,0.5780229086892662,0.3004301613326982,0.8705140583732419
0.40638328205797825,1.0893595355215793,1.028100488297948,0.9437659971514357,0.0761503365484894,0.7460882860764484,0.2400139698974672,0.6901279904241013
0.2598188196764123,1.150967532680458,0.8963392757545532,0.7787702522477695,0.1147700517049068,0.7691243929595057,0.18616116528104448,0.7908847791058286
2.5648780916774037,1.5511944324760543,1.2143008790094785,0.7828166821558158,0.03071445805728496,0.8671330081392054,0.27296193072934005,0.5444201540962504
2.0252543892725474,1.2726810208373613,1.2537305731011532,0.985109821372413,0.03450536670208766,0.7754810868605859,0.19629509339576298,0.32380024683756076
1.7854216326481667,1.5726455183343322,1.39781512421173,0.8888303867054708,0.04630753273485659,0.7099698264811342,0.1898983867879403,0.6254186429659517
1.5988850441625373,1.6677571110266027,1.3459098872451567,0.8070179274586753,0.05894735939312511,0.5640852461311026,0.2523443153186806,0.7339764215486368
0.6528780596997027,1.3052320122630605,0.9776204943351872,0.7490013155899784,0.041918049812247685,0.8016671546406817,0.13407862642946194,0.6235262789354492
0.9460069844628346,1.4096007335517136,1.1360414637875662,0.8059313795369053,0.05751363950839504,0.7244756744221456,0.1226030782467212,0.4316931963427019
0.5795958285089198,1.1964047654077443,1.080573291781933,0.9031837075754752,0.051799986347704864,0.6840319074228202,0.2168901699149092,0.1628665817920551
0.706174227838454,1.3718312777319057,1.0055695269491631,0.7330125382559469,0.1457501970871632,0.643540293334476,0.41761215920387695,0.4944968634344359
0.4330313661273538,1.1087012165620056,0.9359954781830252,0.8442269785591765,0.08049912603612007,0.7686173829817524,0.20896585124404354,0.3388269921783921
0.9926411315842419,1.4075886177026116,1.1921774673747647,0.8469644130261376,0.08403835939184176,0.6866632845077745,0.3224239012839706,0.5496485398799743
0.8061045430986126,1.2852945098805526,0.8822910525454701,0.6864504950133684,0.25004917513422087,0.7232595261151985,0.7367850585366678,0.17937720149713232
0.8860487953067394,1.2538508492934168,1.1063874649729626,0.8823916063034496,0.005071218723490915,0.5830434048088151,0.08053633646368279,0.19468251747345477
0.8061045430986126,1.4927531188137042,1.3221828160386635,0.8857344187560007,0.07542964657497425,0.8820198442560778,0.18779858724861706,0.6889676385942073
0.5329616813875124,1.49974121269266,1.1741119368600432,0.7828763568829474,0.08660547092270637,1.1384750060083033,0.09794141048853056,0.8509902969075505
0.7661324169945491,1.351145097496869,1.2396423454428207,0.9174753679226471,0.040547182078157884,1.4326669337910671,0.1269154904802725,0.6083121859949296
1.1791777200698712,1.6736818722449887,1.2866684756136069,0.7687652575741515,0.12112161968611088,1.0829894587993576,0.46149560824114816,0.7150340944582433
0.5462857234222003,1.1716317881657328,1.029799545476957,0.8789446956617458,0.5091582800955179,0.787048607544337,0.9246428832194067,0.4763835505519583
1.225812683830265,1.5216740677630711,1.2285193257563474,0.8073472182924992,0.04651993692667487,0.7527036840460379,0.1269443778452516,0.9176951297478455
1.052600021984684,1.2621744623194122,1.1739123568565977,0.9300713902097011,0.056756535099103195,0.7880687875421051,0.2485730992223451,0.6079548057376198
0.8394152074055075,1.3013784948381881,1.1918283935003369,0.9158199541698493,0.0629030408400805,1.0320834476215623,0.1601263774277243,0.46099140257016946
0.3797357039500508,1.2834312413515736,0.9649793023177453,0.751874561898253,0.25606046008255456,0.7985679567889578,0.3514964271366932,0.44397101571030434
0.4063838235254929,1.06977215536657,0.9319351090312031,0.8711528939654114,0.05348604366302786,1.0334226102008248,0.0633478653380232,0.33552892048748517
0.3197774349053059,1.0072258189493284,0.9779042997871886,0.9708888328610102,0.05660011449480422,1.23275477176973,0.07565125801597872,0.6227002374168137
0.5329623915088432,1.0740145870686768,0.8602484986469232,0.8009653770111369,0.03946036050018417,0.9747415967590269,0.06984903937733322,0.1556987244290439
1.2924337994089448,1.183207252096338,1.0923866235217436,0.923241994660121,0.04466153780285576,0.7165067349728572,0.15768727634254903,0.18532236539462577
0.29312931532986375,0.9824109438745965,0.8733604800187506,0.888997099904288,0.050556726551343564,1.3563904291184317,0.04911849372529774,0.29794606222739606
0.999304484079081,1.379941226651968,0.9780407657732024,0.708755378043265,0.15962936754221624,1.227981220946402,0.5233581618645501,0.3778429942879475
0.35974961426846913,1.1900281737225025,0.9306908804581961,0.7820746609274983,0.05610772945902374,1.1080737890093526,0.06655778678054167,0.41923665640538743
0.5063142719334011,1.2377160540359065,1.031904786881808,0.8337168961467412,0.2105684164691501,0.772522036021782,0.42095093526768246,0.6644715894025404
1.0392766634422441,1.070348804011144,1.0257545744888332,0.9583367315820849,0.20547270998198042,0.7268005781993919,0.34713948146204077,0.13029830960406952
1.2990958293028052,1.1511659049884349,1.0200497126890218,0.8861013936121307,0.0032636907858481943,0.7801916500219427,0.08499667986604206,0.2399787951595223
0.7461473481123805,1.0635918180652217,1.0250625459999247,0.9637743809129845,0.07094953394373486,1.1748521869059574,0.14734151049738797,0.28318755153852126
0.6328928399167513,1.089655194545609,0.9427997415793008,0.8652275933695268,0.04991845611389782,0.958420838886422,0.07325713651445928,0.30787546822218814
0.7794574975816831,1.6419466363261337,1.2507576903817856,0.7617529478183067,0.22529872363728798,0.618146806575592,0.4377915880617432,1.0404925907660196
2.198469864973978,1.5690748709157414,1.395422683543317,0.8893282974629008,0.054152203402595266,0.4076775318493426,0.23663848090865675,0.6367523135615454
0.5729345708720064,1.3602893183686335,1.0659185462447107,0.7835969391592698,0.06786870949132345,0.8380568533299118,0.0928016373423402,0.6462203806303433
0.9859804242913599,1.1247994903371883,0.91466758549703,0.8131827880032505,0.040950124125634,0.9286342673486904,0.1918109290316785,0.4588159903511799
0.9859804242913599,1.3096728369365984,1.2340122379115508,0.9422293897443714,0.0630716298561265,1.0618359090140634,0.36707471904203104,0.27839511251884863
1.185841321107176,1.263337973887209,1.1126560883128978,0.8807271777712239,0.05903459813403996,0.8405921995500634,0.2984366229887895,0.24664546607945598
0.3464255544807481,1.4407453938992645,1.039076084137655,0.7212072920986247,0.15114930711259178,0.7048136725837914,0.3253060128168547,0.5868627677952429
1.1525311716378734,1.3016456792757165,1.1528921696269594,0.8857188926163616,0.14760474565584691,0.8546912722471983,0.7012958722792177,0.31203727945449844
0.8460777965202886,1.6605744271645606,1.3756530782004064,0.828420006774006,0.061316198228030805,1.2083004157146027,0.11770570079510803,0.6529477929269802
1.3723781581352712,1.3967966233341054,1.1890541619516868,0.8512722196546091,0.10721793265131299,0.9191563193768624,0.31592409842200087,0.48606133607688323
0.5729345708720064,1.2852089941558318,1.1756857543812311,0.9147817668000844,0.035875242369291224,1.1047223809148359,0.04903659132320491,0.3851081853251325
0.35974961426846913,1.2385300854732695,1.0955671043730992,0.8845704413829067,0.03775626084938015,1.0564806887085885,0.07352226651134355,0.6680026402407327
0.35308758437460863,1.139694800064665,1.1270536079846631,0.9889082655468073,0.03687754610986683,0.9038292683295372,0.30556589024505176,1.4061501306000144
