session,calibration,n_frames,n_joints,n,linear_reproj_p50,linear_heldout_p50,linear_heldout_n,optim_reproj_p50,optim_heldout_p50,optim_heldout_n,optim_nosmooth_reproj_p50,optim_nosmooth_heldout_p50,optim_nosmooth_heldout_n
20250827_141755,0,5889,15,88335,1.6648514890339907,2.259187529835175,441675,1.672811564979201,2.2820772328276737,441675,1.656040344534419,2.254173344993756,441675
20250827_145223,0,5836,15,87540,1.5987537355682337,2.180408197387954,437700,1.6145851677576721,2.223330443897703,437700,1.590663960676102,2.177350105218495,437700
20250827_152238,0,5899,15,88485,1.6362214976758351,2.2287487854926944,442425,1.6536126264730178,2.2721855163665627,442425,1.6288640130245162,2.2284639491429257,442425
20250827_155244,0,5796,15,86940,1.9734370662114649,2.727898194590813,434700,1.9698870262166595,2.7353353486272836,434700,1.9651865235665538,2.7307047919085456,434700
20250827_162428,0,5824,15,87360,1.8328947042975317,2.5378732779579223,436800,1.832746811039931,2.546773758042084,436800,1.823606231345964,2.5343125515054696,436800
20250827_165542,0,5913,15,88695,1.995631863841193,2.7596623346888296,443475,1.989310655453513,2.7637446040454074,443475,1.9865795468160534,2.7626065359635663,443475
20250827_172440,0,5794,15,86910,1.757715219898717,2.438613782130318,434550,1.7835207370617505,2.4972514800877,434550,1.7512654816490358,2.441489187459573,434550
20250829_124351,1,5961,15,89415,1.7062725382714958,2.368117787892427,447075,1.7045282943674525,2.378782048415958,447075,1.697662172323912,2.366671782177964,447075
20250829_134647,1,5569,15,83535,1.875894319353686,2.5816034730654716,417675,1.9401224597938274,2.6874254334627667,417675,1.8648400916380834,2.5757766826758295,417675
20250829_141847,1,5606,15,84090,1.8841239239833891,2.6174208855151364,420450,1.9255964213144892,2.695948054174802,420450,1.8748526359962445,2.6181243355500103,420450
20250829_144840,1,5857,15,87855,1.7782297974585681,2.454802177190831,439275,1.7834215283115828,2.4815843674261058,439275,1.7706473718868014,2.4580699843859173,439275
20250829_151905,1,5856,15,87840,1.852775591064637,2.5857904505054554,439200,1.867154547856157,2.6239837750609594,439200,1.8444464095272253,2.587486882005585,439200
20250829_155407,1,5894,15,88410,1.6997264296619248,2.349280363182131,442050,1.8092185535244347,2.529225700292322,442050,1.6939250641809758,2.3529108152778884,442050
20250829_162253,1,5723,15,85845,1.7489268630893924,2.44294634988792,429225,1.8176898493172289,2.5535202790456535,429225,1.741810669304217,2.4437044736159477,429225
20250829_164919,1,5948,15,89220,1.6812535055466367,2.328729683210854,446100,1.687669593610551,2.351246323675267,446100,1.6731331467697306,2.326771199126301,446100
20250829_171625,1,5669,15,85035,1.8751141245066045,2.578347712238799,425175,1.877451001013186,2.5944814767993667,425175,1.8651764043382666,2.577284330649858,425175
20250903_141046,2,5562,15,83430,2.4148877236255655,3.3889718138846385,417150,2.4280947772199597,3.436691369846102,417150,2.4037992821477374,3.391541218741592,417150
20250903_143938,2,5927,15,88905,2.516117494355947,3.377071899145332,444525,2.52778303368138,3.428648977987118,444525,2.5074677209165346,3.391645005574596,444525
20250903_150657,2,5742,15,86130,2.3572648345321854,3.2442938247033863,430650,2.3696509574514057,3.2940725403680373,430650,2.349410331716415,3.2563261867095803,430650
20250903_153433,2,5768,15,86520,2.336224516903985,3.183328908316379,432600,2.3418954047973237,3.2178730333316095,432600,2.328840354379296,3.192490758773973,432600
20250904_131913,2,5628,15,84420,2.27634776359682,3.147282187420334,422100,2.274964094854406,3.164995636544031,422100,2.2668645948309827,3.1494115633245996,422100
20250904_140306,2,1078,15,16170,2.4850323227346443,3.4124944004537965,80850,2.624310324937502,3.645072521425029,80850,2.4677158840524016,3.3957622257162545,80850
20250904_143552,2,5870,15,88050,2.244164683489481,3.107477453018073,440250,2.2421288290260644,3.125366373442751,440250,2.2338085834902195,3.1111875049131172,440250
20250904_150414,2,5846,15,87690,2.3054889486029575,3.162567516499764,438450,2.3048911606643196,3.179434041189384,438450,2.2957757786809974,3.1657995864398814,438450
20250904_153332,2,5926,15,88890,2.266861106595384,3.075882151206647,444450,2.269372936378395,3.103487203407684,444450,2.2585461319847866,3.088562145006583,444450
20250904_160014,2,5857,15,87855,2.324799470188741,3.2046765912419595,439275,2.3237382453033897,3.2245279652635697,439275,2.3145071455329242,3.2097958919257095,439275
20250904_165017,2,5908,15,88620,2.293562215044616,3.123705338634163,443100,2.2937549677916085,3.1412164250373396,443100,2.284840778343157,3.1314601132536186,443100
20250904_174232,2,5860,15,87900,2.380538117976318,3.293830227003455,439500,2.3798704219727664,3.306594718427161,439500,2.3714634197471485,3.2952452517201998,439500
20250904_181215,2,5806,15,87090,2.4741098257975382,3.3722479289788776,435450,2.4772175627858646,3.4041933363574843,435450,2.4648821793115023,3.385068938663843,435450
20250904_183921,2,5230,15,78450,2.2600107440414097,3.1146321135553006,392250,2.411849349776965,3.353733924565108,392250,2.250436900321465,3.1190609574389647,392250
20250905_165151,2,5841,15,87615,2.1509168862695875,2.9696896975189095,438075,2.2300343916453764,3.1097122025630632,438075,2.142391982842924,2.9712019190493657,438075
20250905_171829,2,5923,15,88845,2.212708476490336,3.0575750734872473,444225,2.2114568545539153,3.075414371715037,444225,2.2026220333320934,3.0589932845650134,444225
20250905_174513,2,5712,15,85680,2.1522171831763717,3.004697705586091,428400,2.2250298475256924,3.13035101981058,428400,2.142133429832716,3.0074446524662743,428400
20250905_181402,2,5667,15,85005,2.1932229677305317,3.0732652371483162,425025,2.2058017705366817,3.1123576222491884,425025,2.183743443701311,3.077418415380385,425025
20250905_191445,2,5819,15,87285,2.2336757637374474,3.103274609935669,436425,2.2414971391642187,3.138846279286825,436425,2.2222700069075794,3.0962849001705437,436425
20250905_194049,2,5744,15,86160,2.288265471361894,3.185062501407968,430800,2.296712056145897,3.2202562862834316,430800,2.276866462162127,3.1817681593903298,430800
20250905_200953,2,5892,15,88380,2.2853850600623007,3.09924757038816,441900,2.3158448996693686,3.1789509280965422,441900,2.277298744362853,3.1063332208030134,441900
20250905_203607,2,5830,15,87450,2.2616918875108327,3.1427759688676784,437250,2.2626975175999275,3.170749788313322,437250,2.252611694909265,3.1475426495576873,437250
20250905_210254,2,5811,15,87165,2.246592641059986,3.086356473376564,435825,2.290512324304071,3.1840430742650225,435825,2.2364629168832835,3.0913464148091023,435825
20250905_213215,2,5793,15,86895,2.2721229800102565,3.1617967721483713,434475,2.2709568656525105,3.17380594085316,434475,2.262289537158129,3.1656867488126688,434475
20250907_143021,2,5586,15,83790,2.285305140935881,3.20825219231992,418950,2.332086177916561,3.289218471937645,418950,2.2682134577394133,3.190084758264102,418950
20250907_151901,2,5571,15,83565,2.473574745877535,3.4605919092199877,417825,2.4687492415717758,3.475230813084767,417825,2.460675650991135,3.464040599915879,417825
20250907_154801,2,5644,15,84660,2.320260819232579,3.213187696733035,423300,2.354508955947671,3.2900130713748523,423300,2.3118180291574335,3.219493897312998,423300
20250907_161657,2,5755,15,86325,2.324672644561418,3.2167683984243873,431625,2.3280969808898915,3.250591028539784,431625,2.3144089634778284,3.2241238996466186,431625
20250907_164826,2,5811,15,87165,2.3573208301476893,3.275490146646215,435825,2.363061442527323,3.313456564248911,435825,2.3488400335062796,3.2813134411851363,435825
20250907_171538,2,5755,15,86325,2.3203459324911804,3.218832916724692,431625,2.3304797878990344,3.2613016324361297,431625,2.311537912097718,3.2307731173584875,431625
20250907_174343,2,5284,15,79260,2.39971112512151,3.3826397882723933,396300,2.426143306702488,3.445495869713742,396300,2.388523024843138,3.382792034100193,396300
20250907_181225,2,5749,15,86235,2.289334008192898,3.1730008889612833,431175,2.2878111100315373,3.1867027002304678,431175,2.279132005894639,3.1815532674940203,431175
20250907_183823,2,5492,15,82380,2.3261086581317914,3.256452890006159,411900,2.32950847894891,3.280636920256005,411900,2.312179574771883,3.2457671877508845,411900
20250907_190610,2,5833,15,87495,2.2721043135149435,3.144287472489247,437475,2.265673110740094,3.151713903718906,437475,2.262081197746511,3.151896575085069,437475
