session,start_frame,end_frame,dur_s,pre_t0,pre_t1,post_t0,post_t1,late_t0,late_t1
20250827_152238,26617,26668,0.33976194013394617,-1.0279549408194648,-0.020097391286532994,-0.4530629485500155,0.20352144400000802,-1.6052618119624378,0.25270449144938756
20250827_152238,42614,42714,0.6661998826155807,-0.05215902550759184,-0.06290081092388965,-0.37798932369293564,0.3794488399231087,-1.7272892206165338,2.208421301640091
20250827_152238,42784,42915,0.8727218462264107,-0.11018671053565839,-0.10043828495670512,-1.2915389219896463,2.193148488046946,-1.4772031321427415,-0.13231807297915885
20250827_152238,56459,56592,0.8860458438787223,-1.5676418275353263,0.019361668608176563,-0.3042157571665548,0.025479766097737177,-0.31547911706572285,-0.2404807073543699
20250827_152238,56619,56915,1.971951652542119,-0.5794244599744625,0.07239308071939486,-0.1831798830776947,-0.6096536780901035,-4.50761297214888,2.8261932312684377
20250827_152238,92795,93248,3.0178854682485805,-0.08066886734627768,-0.01939723605433821,-0.24821226536305163,-0.13354809958586253,-0.029304001844570125,-0.5734240287970146
20250827_152238,109684,109858,1.1591877957511105,-0.2138502936072076,-0.291926362683595,-0.24723060158734214,-0.2668430957469019,-0.4139478468750635,-0.1633072897769386
20250827_152238,120463,120632,1.1258778016203315,-0.13115950416770242,0.23245160200045462,-0.14376305877324258,2.876216895862208,-5.190318794455574,2.376414124068048
20250827_152238,154650,154772,0.8127638567910085,-0.2834515649417469,-0.09010440645474432,-0.9697236815961056,0.7230522075769419,-1.5613261895835944,-0.010045816574462352
20250827_152238,156267,156379,0.7461438685294504,-0.4076766425615475,-0.0706974728530287,-0.3533707133021211,0.6445769038491878,-3.985324456598889,4.448814532287507
20250827_152238,157255,157433,1.1858357910557338,-0.6799428357849486,-0.006537709848545086,-3.957573236618879,3.0828893475706662,-2.4347718263048717,0.04242543026277089
20250827_162428,18056,18173,0.7794543819326472,-0.6848475343276077,-0.014363579857983397,-1.87711160835827,3.0340539088476737,-0.46931679962095657,2.538249184756787
20250827_172440,80131,80171,0.26648030810453227,-8.819596188522233,1.2392844610663472,-5.253395556187721,0.9294260895578191,-5.946867910280043,1.0125793281254885
20250829_134647,21026,21094,0.4530153165810934,-0.7423575912553741,-0.02513240443599748,-0.16933886033843382,-0.31513858684024426,-0.22084895276387237,-0.5115777359341176
20250829_134647,85615,85701,0.5729311356760887,-0.42946880074560667,-1.0064279811294505,-0.3605797639688018,-1.9273234774624444,-1.0909734052711177,-1.7522007428568858
20250829_134647,124143,124261,0.7861148140671915,-0.18432684024576798,-0.2298274190043739,-0.6921882148423871,-2.25240140319011,5.266436257112158,-1.1173971957126845
20250829_141847,18325,18396,0.4730022317710936,-0.2304664623793018,-0.029826727738244633,-0.2189317313361907,-0.1107513068180826,-0.11559802641328572,-0.23636901539066466
20250829_141847,21177,21228,0.3397621664834616,-0.5054528602060196,-0.20841021602747256,-0.2894012845575048,-0.04862703499638275,3.9832406636176745,-0.21168638647281793
20250829_141847,21326,21390,0.4263682089204224,-0.3686586291220932,-0.11367021331352377,3.9832406636176745,-0.14837791792503263,2.3730849321982506,-0.21876851676167267
20250829_141847,23811,23856,0.299790146897172,-1.69060269580649,-0.19572915871554403,-0.1556107467375987,-0.13197555394515925,-0.3137642449148845,0.12336534497014519
20250829_141847,24057,24212,1.032610505979148,-0.16772660561518327,-0.13516364936362443,-0.32338028220034776,-0.0481497131848952,-0.1874387250282299,-0.11856878548990253
20250829_141847,40614,40652,0.2531561240465008,-0.23633439327738892,-0.10876763700758994,-0.3157481953473635,-0.28672560758794574,0.2287425426341142,-0.1853243071352373
20250829_141847,40685,40892,1.3790346757269911,-0.2721732892351581,-0.10038901847268848,0.42288978170114466,-0.16638812934025649,0.29415145189886044,-0.06915106838807895
20250829_144840,767,810,0.2864663312123722,-2.2719058744346627,-0.18413583230095085,-0.7719513616666734,-0.18730781325881526,-0.35740243844717956,-0.15028603922473632
20250829_144840,6516,6662,0.9726531245815427,-3.2399503560361675,-0.14589838905943592,-2.8267121412365452,1.5509147625302622,0.5851219738646056,1.6733482402730444
20250829_144840,14792,14864,0.47966455458815804,-2.597720978731904,-0.003227473722768662,-2.1136465110451255,0.8562170277008578,-19.857551283549764,0.8265027770622123
20250829_144840,21317,21369,0.3464244005358919,-2.0279544619395593,-0.0733732968527073,-0.6818914083605155,-0.017641725689643395,-1.248846091825216,4.319115819338788
20250829_144840,23579,23670,0.6062427009378109,-4.425768535757646,-0.11882321207316254,-2.5539285253461705,0.44450006786021407,-21.85968803354618,4.971414603944381
20250829_144840,24686,24802,0.7727928935031435,-0.36849141029819754,0.010460959803235942,-0.7690249638847266,0.0059436895007918935,-0.493433239903587,-0.16088271912652943
20250829_144840,31310,31416,0.7061728164770105,-3.812673805302339,-0.4360534114357811,-4.158811845836846,1.6788500572951932,-5.300867590801222,0.8389356977350472
20250829_144840,36444,36695,1.67216393335594,-0.48547254945151475,-0.327703925493489,-0.9114548624353382,-0.045634277344929565,0.049767609378878516,2.650999445362603
20250829_144840,70041,70081,0.26648030810453227,-3.535202080999161,-0.23470568992562363,-1.6796831229066111,2.7803868089807313,-0.49479265646039666,-0.18046758653691275
20250829_162253,8618,8667,0.32643881237562844,-0.2614408938979003,-0.11215101345093804,-0.37025826306257864,-0.058446852785345976,-0.16951293625169456,-0.27904875513506106
20250829_162253,17710,17905,1.2990932329234193,-0.44026055273198866,0.019585670862326356,1.2059041727942932,-0.0933069179449478,3.7197144838529357,0.4354716640399883
20250829_162253,33677,33837,1.0659226526551133,-0.18559871232697775,0.08746481281499613,-0.6055517608787834,0.7088775757669935,-4.155117891257227,4.326807650272976
20250829_162253,40661,40744,0.55294737606484,-6.960931311186972,0.1223550591969086,1.4040810991318486,0.22110961949878258,0.21418441326601415,0.5193078195099429
20250829_162253,41962,42029,0.4463551107993287,-2.8497795844231018,-0.10858348041083275,-10.80355826994495,6.960531379874383,-13.234824318952334,8.897149724089994
20250829_162253,50747,50874,0.8460761055449962,-0.29786242578667427,0.044861089236500104,-1.4233363175485,0.07003927673993877,-9.731252203316238,7.7994612952795705
20250829_162253,53580,53630,0.3331008289547229,-5.897574711650975,3.1064363540525055,-0.6615364677115221,0.5071229238922771,-0.3196880689703994,-0.20082125723738975
20250829_162253,57676,58040,2.4249740347903828,-0.18172016163106755,0.4026207842778493,-1.2899176054622505,3.338200459967713,-4.208261327877974,0.3327945800750817
20250829_162253,58571,58743,1.145866851604247,-4.208261327877974,0.4054644382028228,-3.8194762932701094,2.881788164090862,-2.5880393315746852,0.5333172844611814
20250829_162253,62420,62575,1.032612569759641,-3.547424113675511,0.3520208115925527,-2.172700221066702,-0.19713330249639477,-12.83081715511809,8.476148613573828
20250829_162253,79307,79420,0.7528078734376737,-5.913205161762611,0.7007557054044123,-8.396792713964555,5.989319630024741,-9.012075242804233,6.808037192254068
20250829_162253,81930,81972,0.27980469632196725,-1.3620979862154081,0.7623341380154025,-3.1443573769248747,1.950211223071941,-11.047473765113489,7.412400565769862
20250829_162253,83012,83344,2.21178950425936,-1.8650334404873699,2.1838466247223276,-1.9057478661164449,0.8777006599990619,-8.365278922043117,5.313727492292592
20250829_162253,95957,96075,0.7861179563331461,-0.11899081719507977,-0.14819060181880409,-0.19786119649934253,-0.2705001201740254,0.3843673240771456,3.707977729891881
20250829_162253,112162,112320,1.0525986194969243,-4.029829875466759,-0.033776452916254564,-0.16781144241636006,-0.2595344608294063,-0.25909932718379663,0.5112893355323714
20250829_162253,112545,112652,0.712835773963107,-0.16781144241636006,-0.2595344608294063,-0.11166420457823503,-0.2711080107455838,-1.2657647855496343,4.8655907306993935
20250829_162253,115862,115910,0.319776795796534,-1.5915678388238652,-0.27088180121125055,-0.24051222636925368,-0.2160667209510737,0.03329258050875744,1.2793515272365805
20250829_162253,131271,131407,0.9060342547568463,-1.7310163063536357,0.6598524153846396,-0.39126930286662853,0.28368793441077805,-0.10705337685444066,0.3172232014956738
20250829_162253,131440,131620,1.1991629842370024,-0.3572868894602278,0.05894432405653136,-0.10942260550243936,0.275855791647681,-0.07205612301241342,0.16428009524515408
20250829_162253,131842,131912,0.46634116053661206,-0.11052102667983706,0.2703597581695545,-0.07693319719893449,0.029359848238834096,-0.19355865326282654,0.15108718557030246
20250829_162253,132449,132726,1.845378592409165,-0.24725544294996468,0.034131820872118815,-0.4982264652136381,-0.7412318226333731,-1.2418520752084938,-0.3742653099313926
20250829_162253,144082,144218,0.9060342547568463,-1.1580704667947999,-0.21023888388714077,-0.6455936921530152,0.6599644956934938,-0.37864200900203565,-0.04314862930134771
20250829_162253,144521,144700,1.1925009676579081,-0.608727158428131,0.2276167616276498,-0.09898265785729905,3.4938073833499836,-5.1062675329673395,0.3045946542343452
20250829_162253,147689,147846,1.0459366029178299,-5.925121940734609,-0.15986994162417972,-0.1324509869301938,-0.2399842881148747,-1.6021068975500725,0.13118455713963992
20250829_162253,150184,150292,0.7194977905422015,-2.1593436853187384,0.9794720512044236,-6.412009403606816,4.162062140076141,-0.15146039054420327,-0.3686295724864155
20250829_162253,157724,157860,0.9060342547568463,-0.11172187060394767,-0.06047414130559991,-0.10483828078772135,-0.5766293429859572,0.023321866213189144,4.010440635652627
20250829_162253,159405,159492,0.5795954423812179,-0.8409424960950214,0.00682806307538266,-0.32657853156942646,-0.0235253307216125,0.2253731634762768,-0.04539698616377544
20250829_162253,170509,170751,1.6122080121408588,-3.925098963117801,0.29278610966367474,-0.5773644134350554,3.2114447432354973,0.11004272598640792,0.4636880303286918
20250829_162253,172874,173026,1.0126265200223576,-1.686614078434228,1.0017433101606563,-0.2361687518644766,-0.1520293070993508,-0.5680117516383356,-0.22158173545446322
20250829_162253,173054,173273,1.4589816308216863,-0.36672210720287934,-0.17374900865987478,-0.6726261288288523,-0.03394120963437074,-6.922019154642504,5.785770712389293
20250829_162253,177842,177925,0.55294737606484,-2.3261982590277097,0.7470939310240695,-0.6680317807722965,1.3685370420184686,-10.559609312996361,6.303534654995145
20250903_143938,14431,14469,0.2531583165504914,-1.4982912780171234,-0.022651864780242555,-0.5055751456347853,-0.0019803628084633456,-0.41735701404938663,0.0654871714256495
20250903_143938,15801,15925,0.8260955592700246,-0.7340149857476148,-0.07675061086626696,-0.4772110908499194,-0.23744013937224354,-0.5562048186182494,-0.1157740510038482
20250903_143938,16031,16180,0.9926470833164006,-0.41900071111721027,-0.15729436652028092,-0.394222122589824,-0.10316642991331794,-0.25411584327522474,-0.08143271140443709
20250903_143938,38267,38385,0.7861231934988944,-0.4355520975013571,-0.29028880123452777,-0.9657773904228599,-0.24763225012025056,-4.212116149354581,2.0084521154174766
20250903_143938,39990,40139,0.9926470833164006,-2.424756648250001,0.41564677945323225,-0.9509424155015332,0.16943029259055417,-0.42489429679862506,-0.1861452417262348
20250903_143938,44978,45113,0.89937822985043,-0.3866488785719792,-0.0676019002182984,-0.2593069446848615,-0.0448855391368747,-0.5264236520391108,-0.31979556620987826
20250903_143938,79437,79620,1.2191571560194718,-0.9923396371620337,-0.039618965073437616,-1.3298239359121664,-0.4114867963236573,-0.7338107829617487,-2.1491510671891665
20250903_143938,81977,82057,0.532964876948403,-0.25011164934821556,-0.10192940700265328,-0.7263818714731956,-0.030987937371462014,-6.416000545641907,0.5932931455930127
20250903_143938,97404,97500,0.6395578523380836,-0.4908783332070276,-0.14330252516103306,-1.2798178770027007,-0.2211321590660552,-2.992043447056852,0.863088198454072
20250903_150657,14960,15089,0.8594035739196998,-1.2225895656803916,0.2108877772286737,-0.6304639743157329,-0.17237618088312975,-4.658027442904998,5.884369971628447
20250903_150657,17692,17736,0.2931299011819131,-0.22206989227152607,-0.05885082514582878,-0.26410235402246107,-0.48677430155754015,-0.22421203322378722,-0.5018558217501351
20250903_150657,18912,18974,0.4130466789381503,-0.6178727437435199,-0.5808688828613665,-1.5798501408749492,-0.8559039796748069,-5.721440838208105,8.621112271103204
20250903_150657,23854,23899,0.299791944390593,-0.1910361810821241,-0.09976671525355382,-0.47552778642258575,-0.4986975347359425,-0.38800232191388967,-0.2512493800545208
20250903_150657,24698,24935,1.578904240457123,-0.14323865275007888,-0.0766202038231719,-0.7943614091109413,-0.3802557022665815,-0.8471164273430937,-0.02177116690314604
20250903_150657,39011,39089,0.5196393702770278,-0.16778816714110364,-0.067404183907005,-0.6196774532871473,-0.27571744998219677,-4.762992711745439,7.808399505828504
20250903_150657,44019,44111,0.6129079751985456,-0.380799038976338,-0.05201655487129442,-0.28149595567645996,-0.07586875091700718,-0.2823437500473163,0.06731195266857536
20250903_150657,44152,44520,2.4516319007941823,-0.30838155129971906,-0.0712359616489078,-0.2971470280218145,-0.009178082530481189,-0.7662594058669865,-0.36441553337578936
20250903_150657,45235,45391,1.0392787405540556,-0.1983539940493174,-0.033524864626312864,-0.17452681564621822,0.03493586432363018,-0.4198565341053228,0.6013228124412086
20250903_150657,45990,46086,0.639556148033265,-0.26498622111554787,0.22261586183647614,-0.18007387477092443,-0.01816658782330469,-1.1586152238663796,-0.06928397901744467
20250903_150657,46290,46344,0.35975033326871153,-0.21065032012230614,-0.04547566179124098,-1.5780633397786419,-0.06879928415386345,-0.797623615868389,-0.09149616196528224
20250903_150657,80859,80914,0.3664123764773914,-0.2817666701489858,0.0579939383690837,-3.9412592525308288,2.9610578955494153,-0.0552452683859895,5.343114473538985
20250903_150657,82328,82434,0.7061765801200633,-3.373490938999298,-0.19783861276457657,0.4391487328739913,-0.23718456496323642,-0.7148447194383101,-0.17417369120541445
20250903_150657,82476,82530,0.35975033326871153,-0.4060775643933517,-0.036529521291937685,-0.39607778767298246,-0.1852130650511991,-1.3722367222923955,-1.1334288410379392
20250903_150657,136123,136176,0.3530882900600317,-0.85746826240888,-0.07589295982292085,-0.5517535780313965,-0.46352926574164793,-4.504235570021242,10.160031609863353
20250903_153433,5627,5710,0.5529492179432688,-0.815654308196047,0.07570211087023825,-0.667885884758197,-0.007841171463057989,-2.4711836676691585,-0.058731858187818925
20250903_153433,5841,5945,0.6928520321216862,-0.8433182090608806,0.0001906965740760591,-2.4711836676691585,-0.058731858187818925,-1.2438112649672306,0.07685668246814545
20250903_153433,6363,6549,1.239139211294554,-1.4678098325919415,0.07685668246814545,-0.9693633499474753,-0.10421304603627918,-15.580064728384054,2.638995093884591
20250903_153433,62280,62400,0.7994446524480995,-2.0870601782296827,-0.09688734876397034,-0.6499302980919924,-0.04309744645789718,-3.8060236911417427,-0.2840855287022542
20250903_153433,97246,97337,0.6062455281064754,-1.5004709628990083,-0.17486086415645172,-4.146158546874299,-0.1050443799301912,-15.732910109089648,5.335773810923495
20250903_153433,172404,172476,0.47966679146885965,-1.0548990158808156,-0.03771016774663941,-1.0356107010448143,-0.3006994108506891,-22.273361683729846,4.535587154735362
20250904_140306,0,115,0.7661283338240996,,,-0.6051142116811188,0.8091967562388761,-2.705023574082178,2.219851320260764
20250904_140306,9937,9984,0.31311331904115375,-0.2825688211558607,0.11724077864680883,-0.22823323105757817,0.12500456691053285,-0.2861819648585269,0.13895645349442035
20250904_140306,10260,10400,0.9326779716119473,-0.2022011106094852,0.11046747105554909,-0.09997955657770259,0.1318374551146884,0.72293172808729,0.12203856626388813
20250904_140306,11192,11233,0.27314140597207026,-1.3985014357516357,0.15168032825918878,-0.5248646288185811,0.1976416828117107,5.096486853152282,0.096822954058049
20250904_140306,11337,11385,0.31977530455266767,-0.6449302437279417,0.1626424183966927,0.20271507761727928,0.25215699732575636,2.591512300872278,0.0872938559292196
20250904_140306,14750,14790,0.2664794204605564,-0.12917770419526783,0.4053414396004135,-0.34235210601605265,0.4077673997486726,-0.5210093451289575,-0.2686641982932837
20250904_140306,15328,15449,0.806100246893183,-0.4774759942297258,-0.09278292800672314,-0.3333421231521692,-0.22009598966480756,-0.320422926623211,-0.30289498449699087
20250904_140306,20270,20334,0.42636707273689023,-0.29067679132218643,0.14852598876495543,-0.3211014764471709,0.29493252533526376,-0.5791313814662251,-0.051664644492139256
20250904_140306,20384,20451,0.44635302927143194,-0.3087616856360083,0.05305148169057089,-0.33839309493166403,-0.07063938951904741,-0.21772794505361215,-0.028683439458294813
20250904_140306,21844,21920,0.5063108988750571,-0.9827208309666499,0.12020392447672026,-3.3276284683173807,2.421520684780299,-2.1596704932962196,1.3613036138128927
20250904_140306,22949,22999,0.33309927557569546,-0.38594203977936525,0.31172097095629886,-0.21075427197056987,0.11954909410246672,-0.597648348517406,0.23803342714687123
20250904_140306,24567,24748,1.2058193775840176,-2.2988253014989986,0.5445580157289668,-2.791287366593029,1.4749172971316278,-0.557777211394834,-0.35702163181414703
20250904_140306,25110,25161,0.3397612610872094,-1.8063135472369112,-0.17512080964497603,-3.44685213715881,1.3732987682406097,-0.3983708728412618,-0.17307322961099456
20250904_140306,25480,25648,1.1192135659343367,-2.4767995214269205,0.0744299561660601,-1.6916182477527777,3.700480040213226,-4.266026333687465,1.0824038919551398
20250904_140306,26091,26219,0.8527341454737805,-4.918605579085706,1.4841222122291597,-0.608323767092709,1.1365527633052679,-2.177949673028332,1.0058314199561504
20250904_140306,26280,26364,0.5596067829671684,-0.30967250829760995,0.15872242228931038,-1.1538475342646142,1.0293190722337984,-2.482239638044544,1.6418819367742248
20250904_140306,26974,27013,0.25981743494904247,-3.3836675576889976,1.9668058257066985,-0.5180728753364566,0.16320659645558305,-4.462482615842572,2.8385084795668036
20250904_140306,27038,27106,0.45301501478294587,-0.8895673391863581,-0.2920580381620514,-2.261639679531,1.262459019348484,-3.788168424572342,2.885771804383194
20250904_140306,27632,27730,0.6528745801283631,-1.5681767681690801,-0.30846981830027154,-0.9908988342540784,0.5826954104310161,-0.7087332177648152,0.04220809474890327
20250904_140306,28268,28415,0.9793118701925447,-0.34626228852906593,-0.0055981312152989845,-0.5446974393945736,-0.22248958294767462,-5.180831462860927,4.63869134343438
20250904_140306,29431,29545,0.7594663483125856,-0.29025350369629166,-0.29330365872073766,-2.3672961945085036,-0.43315396087260205,-4.717297937425559,3.381736420683214
20250904_140306,32887,32996,0.7261564207550161,-0.5188053342519743,0.2317242130578025,-0.17525067758591045,-0.0111217994500113,-0.2006599372335606,0.45533772992454324
20250904_140306,33498,33755,1.7121302764590747,-0.30386915469488607,0.45533772992454324,-0.242584351913628,-0.06531311695756013,-2.4905083616556043,-1.752342384613458
20250904_140306,37899,38002,0.6861845076859326,-0.518878165983779,-0.035254146318901516,-0.268379462262902,0.0898580016905741,-0.24078123421980546,-0.15822096447840367
20250904_140306,38054,38218,1.092565623888281,-0.41113964518628654,-0.010120486764279835,-0.24078123421980546,-0.15822096447840367,-0.4426028242218253,-0.6076818346352858
20250904_140306,39637,39810,1.1525234934919064,-0.3940141428106224,-0.1237899604923552,-0.20879641879762934,-0.7648413986763498,-2.693442959240679,1.4037671843741404
20250904_140306,50342,50599,1.7121302764590747,-0.47535213028573864,-0.31004444780035756,-0.742664330154494,0.3671978315395513,-2.8245941493733713,5.252391900889891
20250904_140306,53819,53942,0.8194242179162109,-1.3394412964650924,-0.7752653821562772,-0.641905020894574,-0.13760902851183804,-4.041817978524093,2.835928545307174
20250904_140306,55788,55857,0.45967700029445974,-0.5128106424500982,0.05224112381308893,-0.5895076694160379,0.22405591745423714,-0.07150974931632068,-0.13255028341889305
20250904_140306,55947,56076,0.8593961309852943,-0.7185994616009345,-0.08154453178219223,-0.07319083090197201,-0.1278267133556053,-0.015854122009631367,-0.1985475140831373
20250904_140306,57615,57849,1.5589046096942547,-0.31131752492587866,-0.39683562930225713,-0.09045231284174117,0.3825864607719084,-0.3262988007180466,1.0103468068198305
20250904_140306,58660,58770,0.73281840626653,-4.815053130665624,1.0564639326455731,-0.10764123227332306,0.2440084723529168,-2.749593951419939,1.8738223854457356
20250904_140306,65577,65969,2.6114983205134523,-0.08711937643912258,0.01008222992735172,-0.5106369859636684,-0.08622079940554082,-0.3385229466133811,-0.14019494761635
20250904_140306,66143,66344,1.3390590878142958,-0.4697221227180245,-0.09286292530694802,-0.4018539032423964,-0.2377255793421646,0.3721285689207569,3.2872084682771234
20250904_140306,69964,70031,0.44635302927143194,-2.8510011598524065,0.1797315191184591,-0.20852949888455455,-0.015168353295569785,-0.3779479376083653,0.22000024663897194
20250904_140306,75930,76077,0.9793118701925447,-0.6518071210880806,-0.2261163165866326,-1.3565509842818881,0.557177395797932,-0.36403654752987724,-0.055301813709160985
20250904_140306,76883,77063,1.1991573920725036,-1.2699484463777995,0.14715367251182399,-0.8339463017417558,0.5186682182720043,-0.04067929733787898,-0.009322193147276949
20250904_140306,78860,79297,2.9112876685315783,-0.40743612018756364,0.07547658675867308,-0.0628802081794438,-0.09618207964582476,-0.1523675885105113,-0.023905744932653458
20250904_140306,79928,80113,1.2324673196300733,-0.13297196508815004,-0.06376558118568128,-0.313661444336401,0.09924872181282007,-0.20206695381027998,0.16384706134563562
20250904_140306,80528,80583,0.366409203133265,-0.21261683881005666,0.14488645141307432,-0.35251988337130163,0.19438500387296864,-0.46819459027094573,0.16313371374852317
20250904_140306,81425,81499,0.4929869278520293,-0.6702875165105934,0.5898482587148121,-0.6102252667471623,-0.39270425693697036,-2.4555557025069543,4.224971672982138
20250904_140306,87502,87978,3.171105103480621,-0.6987891023101689,0.5775348856094902,-0.2493324016056179,-0.6465141543974553,-0.05823037400918347,2.911086683909432
20250904_140306,92979,93088,0.7261564207550161,-0.8861264194007092,-0.044130393503783456,-0.20498597479300432,-0.17657399429530332,-0.3799121729282008,1.7231553841695646
20250904_140306,99618,99905,1.911989841804492,-0.0999104737231581,-0.3105167856942429,-0.3596728435044057,-0.25725783284131293,-2.494321092075329,0.7220897656256479
20250904_140306,101422,101465,0.2864653769950981,-1.9112202836354106,1.5670590678037009,-0.4878270666363766,0.0010836058567707883,-0.43382289396569756,0.3647072061797525
20250904_140306,104699,104892,1.2857632037221844,-2.4740879961285667,0.12987051770472405,-0.12286373088923122,-0.07846894030269647,-1.2125662120250245,1.459383651378642
20250904_140306,112221,112333,0.7461423772895579,-0.15149281947788895,-0.3811245760897319,-0.8775792843288176,0.6896827702659074,-6.739125631361921,5.261241086082837
20250904_140306,114100,114187,0.5795927395017101,-0.0871674695677554,-0.05524304814894323,-0.8953215274877565,-0.17441266804213376,-4.7195527107437005,3.094354953685725
20250904_140306,114831,114883,0.3464232465987233,-0.19192433934704062,-0.015420976021687379,-0.07804710831845947,-0.17680901886742145,-5.223400234099031,7.099795382150413
20250904_140306,115561,115639,0.5196348698980849,-3.6493941565101204,0.527704837971874,-0.12975742411994093,-0.10570810325175996,-0.12963552770900694,0.05163042174818493
20250904_140306,115737,115858,0.806100246893183,-0.27137178231109277,-0.059832308761761745,-0.11564546910280975,0.048982717954302535,-4.965771366560058,4.084110101423648
20250904_140306,115946,116053,0.7128324497319883,-0.09181048074067258,-0.07938953682588956,-3.8248056126607333,3.988845036119513,-0.9894718227251693,0.04283237179616692
20250904_140306,131321,131511,1.2657772471876427,-5.555928198595574,2.119347880265608,-0.6928874341684007,-0.15246361824852872,-0.6225697357099441,3.670078857801576
20250904_140306,134719,134761,0.2798033914835842,-0.1793230099035198,-0.06549659930260726,-0.18116073358219173,0.15390733900704948,2.304784591070379,0.034826469864325554
20250904_140306,136184,136297,0.7528043628010718,-3.9234783700631937,1.0403241594048982,-4.255365284199866,3.879609683182057,-4.399015677284276,4.179255286480171
20250904_140306,141281,141401,0.7994382613816692,-5.526838731123102,0.4519768446689686,-0.13108064126702518,2.871311809794959,-1.6066132469341825,2.1931144662558766
20250904_140306,142737,143177,2.93127362506612,-3.0923837435820407,0.03716910683932418,-0.2762527473129666,0.06534897520182548,-0.16517002840257328,-0.0890973262789627
20250904_140306,144764,145003,1.5922145372518244,-1.2094392253335409,0.03111235016594563,-1.8802963781287718,2.1630362011558266,-7.6883610175415,4.487253307671369
20250904_140306,152923,153109,1.2391293051415873,-0.3472768705248335,0.04129083047683669,-0.23851565997882013,-0.18078941377146185,-0.03685098168645616,-0.21585724309063675
20250904_140306,153779,154017,1.5855525517403104,-0.04730615573580633,-0.21932659233567392,-0.12182343755172308,-0.27234504172552393,0.5004906887861259,4.004825388440733
20250904_140306,157869,158052,1.2191433486070453,-0.22449760348798936,0.1855836150369001,-0.5280985681884065,0.2988901935419165,-4.897984458315566,4.191174851045496
20250904_140306,158629,158721,0.6129026670592796,-0.332268659965299,-0.056370760504119315,-0.2724002752439358,3.9648928373812717,-0.18155447555984633,1.4817255125019635
20250904_140306,169610,169668,0.38639515966780674,-1.4494760088414858,0.6258732185546325,-0.40768111560318393,0.06975390697719609,-2.0164100950390913,0.016991166290417612
20250904_140306,174024,174147,0.8194242179162109,-0.3747748605269118,-0.10459025337772145,-2.523176261746579,1.4796534001026127,-0.09319861932595898,2.8996930284089886
20250904_150414,114678,114739,0.4063824698594117,-1.1046789043035379,-0.17660104206290395,-0.9829473365640641,-0.4240864663202892,0.8418176733073195,2.0013715791076803
20250904_174232,4319,4652,2.218444131182664,-0.7187493284868676,0.18793699249972604,-0.17316434009291415,-0.21325150445187988,-0.3592948099516188,-0.5691732439229441
20250904_174232,11918,11989,0.4730016015434509,-1.142115237593719,0.05743730933342562,-0.23578687701511467,-0.014631816769692068,-0.3803835079808215,0.26126190049810954
20250904_174232,67032,67271,1.5922166587166868,-0.3669227467305066,-0.07642067325914874,-0.11201103978069121,-0.37837148322666103,-0.35425814080702206,-0.8373753133625371
20250904_174232,67323,67395,0.4796635959313868,-0.2517296245203857,-0.19664035433939195,-0.4527216885580076,-0.8363892677683278,-0.403534041340236,-0.6900234443309912
20250904_174232,67674,67720,0.3064517418450527,-0.36812779540742535,-0.7517915889291743,-0.5053549072013241,-1.0472170422323446,-5.532393348872797,7.566110156716415
20250904_174232,88932,88985,0.3530857025606042,-3.0243104051575243,0.03606692868105285,-0.18856297633676125,-0.07685194277559614,-0.20428747647727216,-0.30212196406113406
20250904_174232,89071,89229,1.0525951132938767,-0.36756084494957936,-0.05156518673723944,-0.17811545029650908,-0.30212196406113406,-0.2710826842998921,-3.2575166521665473
20250904_181215,42327,42369,0.27980432350975887,-3.3496339039468515,-0.276729870246822,-3.8845134465104714,2.1114012382763874,-5.079033749957582,3.730305819087501
20250904_183921,28979,29191,1.4123475147680251,-0.4947376674529109,-0.207711578161163,-0.7777446799874411,-1.0693213461877844,-0.5672459480844072,-0.33093564781282486
20250904_183921,32927,33060,0.8860482050195629,-2.458309896967755,-0.7669438842416362,-0.6191637879354556,-1.3863593075850416,-7.177938912623694,6.638842254372392
20250904_183921,38676,38876,1.3324033158188917,-4.769614202961261,0.11733274144144902,0.39724049219358315,-0.11670069528867616,-0.8425013100946063,-0.1743756610018902
20250904_183921,39156,39241,0.566271409223029,-0.7501384412270174,-0.1159103549996441,-0.9266021226687065,-0.19129073558796256,-0.2796178192734883,-0.3764895979864524
20250904_183921,39318,39676,2.3850019353158163,-0.8425013100946063,-0.17283238913951157,-0.9288111450287125,0.11382143208597843,1.8724213038682511,3.1225651646428387
20250904_183921,42281,42352,0.47300317711570655,-1.7691239517841173,0.6531698175932044,-0.8137359045036338,0.07051767789863342,-0.24406939811455153,0.11941337777621033
20250904_183921,42526,42587,0.40638301132476196,-0.8391466393334324,0.7749100300079991,-0.2351274537945362,0.11941337777621033,-0.11246523664968032,-0.025577036186884842
20250904_183921,42620,42684,0.42636906106204536,-0.49889847795605463,0.005145632999651535,-0.14964270987827763,0.1643484485501293,-0.20712003616866678,-0.13798240648863092
20250904_183921,42869,42909,0.26648066316377833,-0.1963588051207525,0.17353619768199557,-0.20712003616866678,-0.13798240648863092,-0.8529027743494572,0.39802649505888893
20250904_183921,56690,56789,0.6595396413303514,-0.3563016631157815,0.5313866697349997,-0.19268986057101395,-0.4956663864601492,-1.5520491339011049,-1.432421776724087
20250904_183921,70324,70441,0.7794559397540516,-0.1665470137229889,-0.012183220208903299,-0.7344502458732781,-0.6929911442408927,-0.8527639034183998,-0.04442963338735703
20250904_183921,78361,78437,0.5063132600111788,-0.24290809734169674,0.5641309576523645,-0.12661246617148084,-0.19542287696635932,-0.15875373945202068,-0.6438529708135383
20250904_183921,81835,81874,0.2598186465846839,-0.17245158288733023,-0.09452502384456614,-0.20352740732065128,-0.8524973265434179,-0.6681990229542263,-1.125830416895489
20250904_183921,93843,94242,2.658144615058689,-0.9123273313170829,0.5717174540624634,-1.0757852863357824,-0.4550146663669022,-0.5323628465029183,-2.1165086698575393
20250904_183921,102940,103021,0.5396233429066511,-0.265777306826143,0.1887925697655454,-0.17227694397693846,0.17329122734085245,-0.08206031512470674,0.04743010507962531
20250904_183921,103111,103174,0.4197070444829509,-0.19549018720249314,0.19144015050418264,-0.08039073348537276,0.04743010507962531,-0.12140365275854861,0.0739467558642299
20250904_183921,107105,107184,0.5262993097484622,-2.962600969511285,0.09490675967221661,-0.21005996356031992,-0.137750717816244,-2.808355556208082,2.069486938835593
20250904_183921,107239,107284,0.2997907460592506,-0.1845418387821928,-0.07004744031880217,-1.3475867949940346,0.1200424627272277,-3.132495302845351,2.097858377657268
20250904_183921,110957,111044,0.5795954423812179,-0.07801371267481604,-0.028263793919733816,-0.07527379719734166,-0.09191300031439538,-0.07502722572272211,-0.13081865058581854
20250904_183921,111212,111358,0.9726544205477909,-0.08607950687263562,-0.07242779054127862,-0.15437522391033237,-0.9875132133371141,-0.1298221089730259,-0.29497969026966114
20250904_183921,115451,115517,0.4396930942202342,-4.69066657162699,1.725306580319476,-0.3358304768281258,-0.6412961201822229,-2.760316391859912,2.6778254864963595
20250904_183921,117081,117143,0.41304502790385644,-1.141290990528448,0.2022716073715515,-0.05186013293920055,-0.05603258545236774,-0.00566161141599053,-0.10195264147819146
20250904_183921,117242,117303,0.40638301132476196,-0.1406952947445517,0.02789302348186074,-0.0491505374933141,-0.2975071083262323,-0.40614834376669406,0.28087187075742603
20250904_183921,120481,120554,0.48632721027389547,-1.377020403374981,0.27162188276379756,-0.13002011388406726,0.18185867913473858,-0.5691955576931704,0.21942373063044832
20250904_183921,120642,120847,1.365713398714364,-0.07951086877645394,-0.009097930887323954,-0.25990934471683275,-0.03152827403009123,0.013699849367894118,-0.07464416602775611
20250904_183921,123477,123608,0.8727241718613741,-0.01455754831043075,-0.06349157369532243,-1.4892286621568038,-0.22446746300056147,-0.04665847889769366,0.0018031173056278697
20250904_183921,128631,128679,0.319776795796534,-0.48835728556619584,-0.05923536942379866,-0.36518334829563814,-0.09962281165093803,-0.19185040961306282,-0.2107747297264603
20250904_183921,133927,133982,0.3664109118501952,-0.17034726163089298,-1.0415067398318532,-0.09090942877862228,-0.9654008704135092,-0.19278040782117292,-0.05874450575803003
20250904_183921,134368,134654,1.9053367416210152,-0.08860558085089595,-0.22943215316556034,-0.10222169022065257,-0.5675258200937408,-0.07707039106957929,-0.3808160958326467
20250904_183921,136411,136450,0.2598186465846839,-0.2178958131204944,-0.035362287140678725,-0.12494706262416627,-0.4352800874267971,-1.8870165552134834,-0.35847799890479587
20250904_183921,145117,145320,1.352389365556175,-0.22240865608568405,0.5131535644601403,-0.1235991660969141,0.3003211428256531,-1.8883635966466064,2.217567923265141
20250904_183921,146383,147004,4.1371122956176585,-1.1786764506316163,1.3198626364954669,-0.4606171340334167,-0.49894295520256404,-0.392204125158491,0.3324917684972189
20250904_183921,149205,149689,3.2244160242817177,-0.35587296795226114,-0.30592965287063645,-0.13977400692060465,-0.574083580629995,0.20863651424742785,0.24197893772057555
20250904_183921,150312,150409,0.6462156081721625,-1.1416134419251314,0.2562240039123843,-3.0582112580653753,2.6393790161380295,-0.46198289962598427,0.01037211391314872
20250904_183921,150736,151164,2.851343095852428,-1.4720840932050197,0.13531242194789908,-0.9351114468872321,3.7293487742253815,-0.7487641100800562,1.5162939909824293
20250904_183921,152929,153091,1.0792466858133023,-4.211982603336899,-0.02698183625665652,-0.2814948291688043,0.444887442633503,-1.3778303581768199,-0.07484103017854746
20250904_183921,153903,154283,2.531566300055894,-2.8646402056118028,1.3511177107205379,-0.05510350273899739,-0.26048219889840085,-1.111497278560891,-0.39444034686514373
20250904_183921,155378,155442,0.42636906106204536,-1.5634422644830717,0.27353510006856563,0.5320862289333461,0.19337939777147686,-0.7340001474921933,0.8500501125419019
20250904_183921,162362,162533,1.1392048350251525,-0.1564431039736031,-0.07048468338824139,-3.1382718002859336,2.3636063255952573,-0.4059623818308097,0.5202299417419072
20250904_183921,162790,162949,1.0592606360760188,-3.1382718002859336,2.3636063255952573,-0.05226300427861052,0.1930237331576792,0.36336213713466425,-0.03497419735141356
20250904_183921,177430,177480,0.3331008289547229,-5.066246705918078,0.20465348473364278,-0.9360026659816043,3.839810009775302,-2.178817308192521,-0.026193873363087827
20250904_183921,177905,177983,0.5196372931693678,-2.5560366404137467,0.07044042908030536,-0.20211424881286547,-0.5471174932994579,0.7576776436928156,0.10463503522529267
20250905_165151,18179,18270,0.6062447203413092,-1.264043102928322,0.5782142457525314,-1.6400453431193132,0.931138561664136,-2.3745640065839733,1.9424187310776835
20250905_165151,43884,44021,0.9126980954588939,-1.1094441658471577,0.041194388505791525,-1.892948726980843,1.122370875241923,-1.942177649781315,1.3131934089184363
20250905_165151,49174,49269,0.6328928399167513,-1.4473864527397913,0.21225557005331197,-0.1741585165213636,-0.1166402331331879,-0.9670395805439846,-0.022243266301740634
20250905_165151,52663,52727,0.42636991320707457,-0.35791258769757417,-0.18346409444099107,-0.7347653482040309,1.1856073188258796,0.3004500399985834,0.6819496159346914
20250905_171829,9753,10014,1.738793277465439,-0.4376909483384745,-0.11146234002048826,-0.40942127941295053,-1.4946398531410674,-0.11845723219760386,-0.5740190580919408
20250905_171829,12906,12984,0.5196393702770278,-0.7314853374049678,0.1816773016669364,-7.423952289645296,17.177859558118328,-5.605391671948994,19.91340816254688
20250905_171829,28062,28212,0.9993064813019765,-1.535714806965758,-0.21790202411387413,-1.065821204832557,-0.006265958985069923,-0.6085197984557696,-3.0749118581508585
20250905_171829,40192,40234,0.2798058147645534,-1.0007601571562597,-0.3351533615923667,0.3938054758984271,-1.8147094993285926,0.4143287385293394,2.2353343388749876
20250905_171829,42238,42365,0.8460794875023401,-0.8357694946145902,-2.240729211704606,-1.6846868883438917,6.743213825173972,-0.057505960746709876,-0.07747866884403798
20250905_171829,45286,45369,0.552949586320427,-5.271776795857786,2.309735355257132,-0.949105921761496,-0.05383653226690544,-0.15135258942190974,-0.5200393284775772
20250905_171829,45949,46021,0.47966711102494874,1.30506487491044,-0.5173056534562722,-0.24732433447929586,2.050875072435351,0.807965533124186,1.8792280722201053
20250905_171829,62884,62925,0.2731437715558736,-1.028640548513661,-0.9497341943880303,-0.3778553503893982,7.804260294826026,0.07986944101415458,5.5309812542535655
20250905_174513,2993,3116,0.8194302228517105,-0.7802900687313833,0.0066619635552066,-0.25850958449243905,-0.1388634095517596,-0.326678257806618,-0.05505519932660618
20250905_174513,4874,4949,0.49965257490957954,-2.0204863473371693,-0.042881168489023444,-0.45207530241843535,0.2702653519795893,-0.9859343083734704,-0.28122625822752106
20250905_174513,5097,5291,1.2924346604327792,-0.6532612025540274,0.29199391133567354,-0.9080496870602703,-0.6400493315060943,5.548070233167416,-4.5049337660432744
20250905_174513,6139,6523,2.5582211835370474,-4.803252703456079,0.6095332348857978,-0.49060613440690687,-0.5615537374322327,-6.7919776528131495,3.104256816157718
20250905_174513,7057,7152,0.6328932615521341,-6.7919776528131495,3.104256816157718,-0.33569109845750655,0.006234613376159088,-0.12480707106006836,-0.17662278637113613
20250905_174513,10205,10263,0.3863979912634082,-0.5223675756020298,0.08948823598784171,-0.1806765674118238,0.1539522118256034,-0.09774755150104628,0.00563000886433654
20250905_174513,12693,12818,0.8327542915159659,-1.1527117448499442,0.03599549493217618,-0.3710894549626118,-0.007328955959034637,-0.9124343259686696,-1.0724199550596014
20250905_174513,15784,15841,0.3797359569312805,-3.9802586386643197,0.16397768606514576,-0.35347186261963454,-0.3008802141439676,-1.058005238702988,-0.43113981095786313
20250905_174513,17269,17425,1.0392773558119255,-1.6689203739830334,0.2694897218699309,-0.12235315270765715,-0.18485038107344479,-0.36501511527128594,-0.15331035720268954
20250905_174513,18157,18196,0.25981933895298137,-0.6705920971564332,-0.024136559892792342,-0.5935602377053089,-0.37089915953288183,-0.2974981267540439,-0.08453037216227864
20250905_174513,18644,18730,0.5729349525629845,-0.2974981267540439,-0.08453037216227864,-0.23716862413804646,-0.43274764292250384,-1.6327838951660545,0.6200991963337574
20250905_174513,19679,19960,1.8720316473278915,-0.3117711988713658,-0.06058177598918781,-2.190906951585116,0.8799116499695137,-2.9538776597759218,0.5369408258924244
20250905_174513,26626,26750,0.8260922571838382,-1.1188914316782077,0.07649272297814709,-0.4063026347328255,0.42529731588525077,-4.355853460742338,2.2238619374009967
20250905_174513,28590,28827,1.5789021367142715,-0.21288155198975187,0.19031248417842755,-0.253307974360128,-0.2223567922524691,-0.08148257561671372,0.14734533235716857
20250905_174513,35202,35282,0.5329627465702181,-6.355243749886757,1.8962065376519404,-0.16534406607286226,-0.18980391197741778,-0.07255675987901034,-0.019226559196606322
20250905_174513,35655,35732,0.512976643573835,-0.06278483703209253,-0.12534111491613276,-0.5644816327490659,-0.023187841572076467,-0.24436176828253484,-0.1217039593028414
20250905_174513,35890,35983,0.6195691928878786,-0.6214970646146115,-0.012420919347431274,-0.19065043542931046,-0.13342961531976583,-0.9517945272686074,-2.9997844428561016
20250905_174513,36522,36833,2.071892677291723,-0.9517945272686074,-0.19862597951401015,-0.9513090058412603,0.5573372965601703,4.113597918331129,0.0923516507663335
20250905_174513,38215,38312,0.6462173302163896,-6.591557168039505,-0.20485530754769904,-0.0020638558616262355,1.0812975295394338,-0.008111439208920887,0.13369171090224155
20250905_174513,39667,39782,0.7661339481946886,-0.25990145568286915,-0.10485671256757204,-0.27327163410328786,-0.13191290247398724,-0.31266263867997796,-0.12198291741353283
20250905_174513,40027,40212,1.2324763514436297,-0.2676378585483945,-0.13191290247398724,-0.4987839785845297,-0.1386659564370129,-0.11222309245406756,-0.234102421243771
20250905_174513,40434,40571,0.9126987035014986,-0.49547313427592304,-0.13808536391888288,-0.21200734546313177,-0.29845185320597806,-6.312048176014405,4.00744122585143
20250905_174513,48872,49220,2.318387947580449,-0.45349801942707507,0.20020871197038934,-0.2985175520995002,0.2620625973098837,-0.7007489801825336,-0.296493238313528
20250905_174513,49392,49439,0.3131156136100032,-0.3047534486214453,0.12347564716942375,-0.6341638671186843,-0.296493238313528,-0.6056813424656016,0.010110264277760515
20250905_174513,60645,60716,0.47300443758106864,-0.2069740876730125,-0.09282901466101982,-0.07172613849859608,-0.11669762774173191,-0.01677389461795636,-0.08755804029755805
20250905_174513,70762,70933,1.1392078707938413,-0.6944493087339825,0.35236674668164286,-0.32996848866239337,-0.46381736525571243,-0.5193389496865438,-0.1921779420365099
20250905_174513,72419,72554,0.8993746348372432,-2.787612696381203,2.060143529946586,-4.994932866686832,2.7002641554082127,-2.606945513727663,1.3044701805775605
20250905_174513,75671,75742,0.47300443758106864,-0.29944688397183017,0.21785714957325242,-1.106283987383533,0.29137834164183046,-0.1687879923728371,3.594944008609091
20250905_174513,78383,78642,1.7254668920210814,-3.5239294564318855,2.3185655268021637,-3.2489624756828976,1.657654938723496,-5.712427058985965,3.1754854833479143
20250905_174513,81302,81481,1.1925041454508631,-5.409066245620928,-0.03739344097907031,-6.048985018385685,3.856208472220984,-2.23320160168751,1.3364303800713015
20250905_174513,102304,102350,0.3064535792778755,-0.871316674259566,0.08938932034143952,-1.1252391375649284,-0.3185506722997202,-10.811898488450964,4.87393101527116
20250905_174513,113839,113927,0.58625902122724,-0.240707964637325,-0.05130334342302622,-0.6784519016180484,-0.15716988123338899,-5.42972078653694,1.9291759065212437
20250905_174513,114488,114582,0.6262312272200063,-5.2422092517782595,0.2898511490649544,-0.013291193983779743,4.1214993231598775,0.11049874217667767,0.27004961949428274
20250905_174513,117376,117502,0.8394163258480937,-4.270984964771011,-0.05975176078998663,-1.8325359651578268,0.8228751707706993,-6.1486822644650365,0.7848002844254337
20250905_174513,124042,124203,1.072587527472564,-2.3947112023792543,-0.27192600751542734,-0.2532237530894245,-0.34964302877390835,-0.42840183188006337,-0.30801293411373193
20250905_174513,135630,135778,0.9859810811549037,-2.005310829072219,0.14489495609376812,-0.5372282409307739,-0.24466224852519014,0.22857170356515916,1.3432112465605672
20250905_174513,138139,138293,1.02595328714767,-1.0373311287910119,0.6032553908439349,-0.8338130357282296,2.1755031196851893,1.2817467849689332,0.39301429508125296
20250905_174513,141695,141786,0.6062451242236232,-0.19590316896966264,-0.030202413613255052,-0.9440421551235392,1.7980268944131585,-3.1850653143299854,1.8167512622046291
20250905_174513,145309,145485,1.17251804245448,-3.9665221297485753,-0.31460323263963913,-2.793012195315378,1.123432569683718,-0.6785930588660473,0.2190553368209222
20250905_174513,146002,146462,3.0645357927787544,-0.6319748540573406,0.20497835702823855,-0.15581876353299712,3.9948759498707447,0.14985902476791305,1.000366860891669
20250905_174513,147841,148456,4.097151114258552,-6.764740758635022,0.2678879229413816,-0.6410428091096035,0.012860806871785984,-0.06766306335655604,-0.19306560183379765
20250905_174513,148602,148710,0.7194997078697946,-0.42210109157780856,-0.05426026010846177,-0.06766306335655604,-0.23001856873101528,-0.43273488926631043,0.1296218376034539
20250905_174513,149050,149205,1.0326153214797977,-0.279242102653587,0.11310411447846162,-0.19369226441092113,0.13454098310093437,-0.26460301710359163,0.23475092262479455
20250905_174513,149235,149459,1.492295690396611,-0.2035765089201328,-0.09261559563304501,-0.25267142359283246,0.2135786497862559,-0.05143965940559377,1.4971339855244288
20250905_174513,161782,161850,0.4530183345846855,-0.09055686469720328,-0.3308757943860629,-0.6988269975360089,1.2787735481023492,-0.4875600348300694,0.41841731765001355
20250905_174513,162160,162292,0.87938853184086,-3.6125758772449257,0.7857521858885593,-0.2900691424829026,3.797149721647124,-0.017004171152488392,0.41976932057232136
20250905_174513,163465,163552,0.5795969868951123,-0.8531436585093398,-0.26000929321356625,-2.1689053468214867,-0.29023381062893283,-0.09890672734792427,2.5432181304925665
20250905_174513,171096,171179,0.5529488495666014,-2.279051821858914,-0.408265937895959,-1.861801010638938,0.44667335221203236,-0.5662832710028508,0.7227068722254074
20250905_174513,172048,172189,0.9393468408300095,-6.503055153500434,3.450374459466456,-0.18237374016462912,1.8043595343121337,-3.6603264362372254,0.1596907369029959
20250905_174513,172762,172889,0.8460783601802214,-4.110839178776212,-0.011430082001671582,-1.4023385171479337,1.9654484688748466,-0.04817559395588114,2.5743277718049113
20250905_174513,179371,179561,1.2657865231042682,-0.4199540970432488,0.07342762378956867,-0.25293366025036845,-0.25202078332077255,-7.614883662781969,4.39560264197505
20250905_181402,4710,4824,0.759471913862561,-0.26106022033280124,-0.2860989877068932,-0.3040596696685475,-0.14153838322056883,-5.534278428822461,5.377147963966579
20250905_181402,5967,6042,0.49965257490957954,-0.7043978658363089,-0.4272513196996368,-0.5730023683268223,-0.3869563809092983,-0.6306444705300683,-0.4116667915707699
20250905_181402,11636,11697,0.4063840942597914,-0.5971120700114817,-0.28082054454051314,-0.3598697024937668,-0.20935552008745623,-0.5171353394059743,-0.46204520437335567
20250905_181402,12290,12381,0.6062451242236232,-0.38955170075039897,-0.2847624368664494,-0.5908576078739532,-0.35069818571895994,-0.41582681383211056,-0.16010054562714718
20250905_181402,12684,12782,0.6528793645485172,-0.5826127333388132,-0.22610192164244167,-0.24076120498333545,-0.3488528476878301,-0.8247498321593068,-1.6714385247630263
20250905_181402,15048,15281,1.5522539993857605,-0.4703921635959728,-0.2668249633600203,-5.3167009596939865,4.383397844928456,-0.7767610811116615,-0.4124784010294373
20250905_181402,26601,26753,1.0126292184834145,-0.31995913088380423,-0.25909886367105844,-0.12599219329021003,-0.2813554114728402,-1.1440778423699483,-0.3795086144968605
20250905_181402,26826,26998,1.145869905125969,-0.20991729974375073,-0.26351495743220166,-1.1440778423699483,-0.3795086144968605,-0.27463154424515346,-0.17707657476339564
20250905_181402,28087,28364,1.8453835099993805,-0.35767949201974925,-0.38722883068442776,-0.029239302519976293,-0.2978464307370431,-1.97323905509853,-0.15339478162237827
20250905_181402,28503,28641,0.9193607378336264,-0.026826745960732066,-0.23147319406403852,-4.467887923180569,0.9010854651249515,-12.128771595895293,12.195705076843563
20250905_181402,31752,31827,0.49965257490957954,-0.5965878694617311,-0.32109361729934427,-0.8134190794988537,-0.4899301959433878,-0.3199365934390911,-0.319608845500845
20250905_181402,32518,32592,0.49299054057745184,-0.287569747153138,-0.33802327997872644,-0.8678137124620708,-0.24996547911138497,-0.8735739646523198,-0.352434624633635
20250905_181402,34189,34328,0.9260227721657541,-0.3014051547447969,-0.1872163923828146,-0.7015245535246454,-0.2602389101466063,-0.8107892807261058,-0.3912589160008593
20250905_181402,34540,34588,0.3197776479421309,-0.7251392153092456,-0.261244081633873,-0.5775349559758921,-0.5495349017584321,-0.46547979949039453,-0.7764035145205265
20250905_191445,56699,56813,0.7594703959772052,-2.4186717741842463,-0.03013071716097838,-7.438979496598539,1.5221130405732533,-3.490615346246131,0.7599828505238281
20250905_200953,16022,16117,0.6328936831880787,-0.09724636709741073,0.07420085665325862,-0.6556954506216472,1.9375212357575573,-4.189239496378644,0.833166736112235
20250905_200953,35481,35522,0.273143589586434,-0.6775860372122106,-0.34094358404185615,-0.25604286892493444,-0.09960020897146668,2.111201145205935,1.0418199828507608
20250905_200953,44407,44504,0.6462177607288804,-0.22432176488896297,-0.31561084109432325,0.013397239992794026,-0.8098695157886087,1.005247360165895,-0.028397151851452314
20250905_200953,48776,48892,0.7727964973664961,-0.5112824077783139,0.09612515395128964,-4.184341562697324,1.4782841668105746,-0.9568899083052966,0.43211592869090926
20250905_200953,49488,49572,0.5596112567136696,-0.9020989151029148,0.26379254389826884,-5.491563563408682,2.2371483946140875,-0.2595940126921818,0.03049873892081616
20250905_200953,53162,53273,0.739486303514492,-0.7960203553655535,-0.09275715645731285,-0.4757240053701138,-0.0814435050067609,1.6341143098615012,1.122766449192929
20250905_200953,71167,71261,0.6262316444176779,-3.564259848307954,0.2403606102215448,-1.0438905756228636,-0.07646378265143447,0.37081686821822896,0.9045653683785233
20250905_200953,89045,89211,1.1058984358865376,-1.2883820630134362,-0.31102106085490716,-1.0734654873297453,0.41026455477586277,-0.6793229278039199,-0.09727155267257243
20250905_200953,89395,89490,0.6328936831880787,-0.9329787615746318,-0.2662187699432565,-0.706701255514261,0.33444606718558073,-0.6619269947042137,0.24237311640729609
20250905_200953,89688,89786,0.6528797994992812,-0.7013868850119127,-0.06900885606056933,-0.5879610998034352,0.2653877325979776,-0.603726309314106,-0.10934203991515233
20250905_200953,91551,91671,0.7994446524480995,-4.363422222982497,0.12401442754512029,0.6326249813424345,0.4161773537049569,0.04785809931294119,0.7874320702941723
20250905_200953,95221,95269,0.31977786097923977,-0.33247970177465197,-0.03340033367794501,-0.3234532241547541,-0.13257624897687056,-0.3704134747026774,-0.056999324917856725
20250905_200953,95440,95568,0.852740962611306,-0.28069181988865505,-0.21754282781084264,-0.28533820427805107,-0.05049260584603962,-1.093239135134947,1.02478127445999
20250905_200953,101905,102016,0.739486303514492,-1.4477902113266443,0.13319122839264225,-0.30885145354321614,-0.30715208765918456,-2.64745714129793,0.9730359928346783
20250905_200953,104582,104723,0.9393474666265168,-0.24352854003254415,-0.0678278993541062,-0.5427535970549757,-0.3558524502759315,-8.035053681043815,2.7819624857833136
20250905_200953,110110,110281,1.1392086297385418,-0.8490609683579775,0.19127443972313637,-0.7459812056726576,-0.21082319081848824,0.5004139213601424,1.3867248993936423
20250905_200953,117835,117960,0.8327548463001035,-1.121622987849849,0.36974487011654933,-0.1212476197096224,-0.12453150456986105,-0.08297179160736946,0.10805277424407668
20250905_200953,120382,120510,0.852740962611306,-0.4202633930318705,-0.8557374177787542,0.30305677970184364,-0.05980648878769458,-0.6455004161723766,-0.1404256092079007
20250905_200953,120802,120842,0.26648155081603314,0.141302444271146,-0.05144393044162277,0.9774209470096533,0.3633791920418046,0.09001774069738071,0.3430245396348186
20250905_200953,123295,123367,0.47966679146885965,-0.3488967027712171,-0.9499592655086122,-0.3290411870584328,-0.15692359106589307,0.10995557532000114,2.436299156524717
20250905_200953,128430,128507,0.5129769853208638,-0.3591033267281143,-0.43636079293059366,0.08565741356838846,2.463827570484876,0.4693536653570214,1.0069737293837169
20250905_200953,135148,135303,1.0326160094121284,-5.087645091305689,0.34323407164093617,-0.570305440579973,2.945501723415446,0.6906443716491899,-0.24279985678633578
20250905_200953,135985,136086,0.6728659158104837,-0.6002380711025971,-0.39310985724119707,-0.13080332162840688,-0.5484877870295967,-1.0701868653124098,0.43263875022466897
20250905_200953,139167,139258,0.6062455281064754,-0.4296515816392616,0.04387416051507517,-1.086273832432658,2.5788046317432904,-0.07324235205838589,0.3331827503457461
20250905_200953,139988,140067,0.5263010628616654,-5.686808376957451,0.24194180088127276,-0.24470069694935234,2.75534185648763,-0.07311731767706882,0.4358088097523808
20250905_200953,153461,153552,0.6062455281064754,-0.648521437744146,0.10005784829642184,-0.1175374513074894,2.5087894136361952,-1.377003644570699,-0.029921776770399477
20250905_200953,155387,155445,0.38639824868324807,-1.6545192828334883,0.0957465585953626,-0.2024842373076941,-0.07852990410232673,-0.22445046262696688,-0.31748909251769214
20250905_200953,175370,175424,0.3597500936016447,-0.12357100136797651,-0.0279684864482972,-0.16239092442971342,-0.21936453799280642,0.5099877642041117,-0.3052535115612449
20250905_200953,175910,176080,1.132546590968141,0.5099877642041117,-0.2479230918158368,0.011103288610694787,0.6464784572334767,-0.11318723700077901,-0.4834381215530796
20250905_203607,4042,4092,0.33310193852004144,-3.085990611784571,0.4987571124333625,-1.4434771712169745,4.580911013845476,1.1972563518392727,0.5768699878659586
20250905_210254,13991,14100,0.7261622259736903,-0.34048603027866176,-0.28088137506263694,-0.06117962640015752,-0.23508450660984379,-0.17798691567544445,-0.26810731895506595
20250905_210254,14126,14281,1.0326160094121284,-0.16105917486308124,-0.09795021274122646,-0.17798691567544445,-0.3836305387240866,9.433657768243883,-1.9398739081842478
20250905_210254,16619,16779,1.0659262032641326,-0.10834338850910356,-1.495896094491717,-0.16065454874197924,-0.1814036561204037,-0.11941868151132543,-0.13665690220343069
20250905_210254,16807,17001,1.2924355214577607,-0.1010692364227892,-0.11705361060590302,-0.11941868151132543,-0.1399884523439114,-0.34549519082997954,-0.11922110315087271
20250905_210254,32888,32937,0.3264398997496406,-0.47067615919600464,-0.057330736812003666,-0.37009823462145236,-0.4603532693296146,-0.8693540190406059,0.5594522570594451
20250905_210254,33785,33842,0.37973620991284723,-2.0056268036750335,-0.002010628005832762,-5.007906437642997,1.2425787595185915,-7.994653324661285,2.362423793303894
20250905_210254,34986,35028,0.2798056283568348,-0.413856814280132,0.3236331451854276,-0.4215405001207056,-0.15587110053200884,-0.2986402741291115,-0.16959794540086853
20250905_210254,35165,35292,0.8460789238409052,-0.4768718752599982,-0.1424634502518935,-0.2617004352829399,-0.2616447850648297,0.24103874351889282,2.053523520178184
20250905_210254,41501,41676,1.165856784820145,-4.758083425566454,0.8358691808030895,-0.40228182362919657,0.21279723431026923,-0.43220834342866343,0.061918895449310764
20250905_210254,55525,55701,1.172518823590546,-1.5795740689035538,0.1195014527562895,-0.5736800301768178,-0.37249210688921663,-0.8575646880518979,-0.12673043572857925
20250905_210254,57964,58048,0.5596112567136696,-7.183800210064513,1.72887960358052,-1.933070501192884,-0.20409621194994873,-0.18671067295509544,-0.06584562068058142
20250905_210254,58327,58474,0.9793196992489218,-1.933070501192884,-0.11823870540560061,-0.14429631209794766,-0.17367051469635056,-0.9014770328563999,-0.4204250202266061
20250905_210254,59699,59741,0.2798056283568348,-0.28751386534335344,0.09277132531394715,-2.579583443029239,0.8475661369823866,-0.20775460276199353,-0.10790078392789135
20250905_210254,60100,60217,0.779458536136897,-2.4829331037917854,0.4931337157025224,0.31737937456207316,2.3770226184475822,0.14851178870122314,0.5726569384781891
20250905_210254,63614,63666,0.3464260160608431,-0.4202584877170465,-0.037309810330394114,-0.24942542442118007,-0.04123413399378117,-0.209429709479396,-0.07999362908178322
20250905_210254,65052,65130,0.5196390240912646,-6.077909050603228,0.8662107020164416,-0.2417470877813706,0.27085517454121566,-1.5482014389460328,0.46304096520284743
20250905_210254,65210,65301,0.6062455281064754,-0.1664183531683287,-0.06261850194851672,-1.9020051403095184,0.614518383344028,-0.4521201005980688,2.926293454642815
20250905_210254,73157,73320,1.085912319575335,-1.24048205250193,-0.36156788090542963,-0.4765716114952624,-0.1447479884027372,-0.38482531010076604,-0.3439301791846782
20250905_210254,75603,75701,0.6528797994992812,-1.1177049063700484,-0.09384353101843926,-0.07382279204583038,0.10596732029499374,-5.848527057446008,2.062122503465547
20250905_210254,89081,89380,1.9919495923498478,-5.583918404985431,0.27054822547679536,-0.06957833596681182,-0.007316435591057551,-0.4815413281143224,-0.0179138560372857
20250905_210254,89485,89780,1.9653014372682445,-0.08971551060102716,-0.05994168374380875,0.22825666648499268,1.1552918134701633,0.29269643644765225,0.9276444552430312
20250905_210254,103382,103429,0.31311582220883893,-5.463064262496137,-0.011528236479166006,0.9792320258078907,3.1647923611690465,0.5262334799809767,0.3795483410582984
20250905_210254,108215,108342,0.8460789238409052,-0.22045771910974238,0.010429819595279504,-7.308189062391818,2.292587342710077,-0.7185609891169586,0.0989623513128183
20250905_210254,108630,108961,2.205134833002674,-6.809040885174119,0.9549317520553403,0.029219363775399135,-0.05665086696221854,-3.0153874039511974,-1.5099051042488352
20250905_210254,136165,136335,1.132546590968141,-1.1363027919090498,-0.006570148500741183,0.1010330561221299,-0.14172596570981333,-6.716688981402281,1.5483594716440503
20250905_210254,139017,139165,0.9859817380193227,-4.594577333703633,1.2594185547507954,2.3107115249337893,3.227169237255515,0.6103403784542989,-2.0358205338403135
20250905_210254,141868,141938,0.466342713928058,-1.0088167379513346,0.13845023928498706,-0.33660014968188723,-0.10320428662086756,0.16136138166846736,3.206183030346569
20250905_210254,141963,142055,0.6129075668768762,-0.5932910951436713,-0.044784115060490105,-0.2364176282447679,-0.08431995876874124,0.1835013310825266,3.3001666464535386
20250905_210254,152166,152349,1.2191530949833516,-8.577376942316215,0.8048678761854756,-2.433650483459695,0.3191207435999042,-6.20407956111565,1.8620252088872926
20250905_210254,159931,160134,1.3523938703913683,-0.4462272442277219,-0.37804915284542373,-0.3996795785725692,-0.2762599441762362,0.15027411275753988,1.772541254333831
20250905_210254,165258,165853,3.963913068388493,-4.634869940228478,0.5534647392562263,0.40298234759480633,0.014624413681005222,0.01929008816229709,-0.17134365816028116
20250905_210254,166295,166408,0.7528103810552936,0.021209548433816738,-0.19180172732850337,-0.7457056905572106,0.10999432391675842,-0.14899057757399142,-0.31791324340323035
20250905_210254,166508,166806,1.985287553579447,-0.3424170327689941,0.06548382016740742,0.22905934050706916,-0.43296856737880673,0.05807034180645002,-0.11804770684422837
20250905_210254,166944,167139,1.2990975602281616,0.10078325809068936,-0.430285826057425,0.03854173902575655,-0.12580365451412964,-0.08794651917260313,1.007536371836783
20250905_210254,172184,172223,0.2598195120456323,-0.1021209604928289,-0.7251814632784267,-0.06833988961043912,-0.3878028826215532,0.06269270032484299,2.810251961858768
20250905_210254,174193,174303,0.7328242647440911,-4.774447107529039,0.17684234796377354,-0.04544661062671897,-0.2139920956772763,-0.16567737062160615,-0.1161786418358777
20250905_210254,174437,174592,1.0326160094121284,0.6727256267735199,-0.2570211462954287,-0.16567737062160615,-0.06347818201730329,-0.22728474370366764,0.3687498286025592
20250905_210254,174884,174987,0.6861899933512854,-0.19210318878617794,-0.042698678418058425,-0.24797386659290874,0.16183541359832068,-0.6203525113394986,0.3639729434587803
20250905_210254,175174,175213,0.2598195120456323,-0.2154987699572744,0.2046587677914474,-0.6203525113394986,0.3639729434587803,0.13839797098607592,3.1913771828276793
20250905_210254,175275,175395,0.7994446524480995,-0.42332815832031967,0.42238548242826446,0.10471686276179569,3.1913771828276793,-0.3499413882600513,0.25441762987251454
20250907_143021,405,597,1.2790926969136558,-1.0176849880235004,0.028376417072064983,-0.224306715308061,-0.6076241212648503,-0.3420957116096619,-0.6578331109052983
20250907_143021,1884,2099,1.4323173428981042,-2.0253061622938033,0.465182290419475,-0.5357258802199173,-0.12031062188336535,-0.4478426432625711,-0.4269672436308174
20250907_143021,7982,8048,0.4396881145640692,-2.7065268684922437,0.3385028173236772,-0.22031497745091463,-0.06855700728923061,-0.2653875697386659,-1.5027035642822895
20250907_143021,10228,10283,0.36640676213672435,-0.4185208461812574,-0.2288887022356497,-0.8746227574871139,-0.2276474453394006,-0.19319583372947224,-0.24249151227002652
20250907_143021,11340,11526,1.2391210501351042,-0.6924438563442141,-0.18576699127562069,-0.4869624223069024,-0.12422104889490078,-0.5803839359650823,-0.19873334505190698
20250907_143021,12107,12362,1.6987949880884492,-2.3282766946193676,-0.14225184121620552,-0.6715886973497769,-0.2458337870965013,-0.4046156817105218,-0.41358159393661803
20250907_143021,12489,12548,0.39305452665575885,-0.7371043996684258,-0.21939488509948638,-0.4403655688360584,-0.5255301016209161,-0.3876203977771914,-0.1988940219410264
20250907_143021,12647,12706,0.39305452665575885,-0.6419160744305121,-0.29754007522211734,-0.3876203977771914,-0.21728653580711058,-0.22235815458727348,-0.4032813253076712
20250907_143021,13533,13687,1.0259389339828282,-0.7720191189707752,-0.1528494120238358,-1.1174430942630695,-0.4505560800449984,2.1268937060440716,-0.2035771761287021
20250907_143021,15596,15635,0.25981570406058635,-0.4655862243908819,-0.163810804368215,-0.5204741807508504,-0.19534083971367872,-0.35429429422123593,-0.3795809972767239
20250907_143021,17866,18040,1.1591777565780006,-1.473135793778489,-0.7802467373585549,-0.740350340425656,-1.3005670472284523,-1.022879219483994,-0.45680697850904084
20250907_143021,18437,18497,0.39971646778551745,-1.0119446188332608,-1.2671269048317304,-0.6028252417049373,-0.27789126369602285,-0.6606185965075995,-0.9586775487582213
20250907_143021,20091,20190,0.6595321718461038,-1.968337156218738,0.08115371699249117,-1.03381948565576,-0.1594590642497263,-2.5214423762013727,-0.4846266378105727
20250907_143021,20386,20427,0.2731395863201036,-0.9141753077610114,-0.10666357669443546,-2.528345735952303,-0.4846266378105727,-0.8166209098069398,-1.1963132968424293
20250907_143021,20675,20721,0.3064492919688967,-2.528345735952303,-0.46314899639845974,-0.44333451270191,-1.4417968006941537,-0.23221503129842297,-0.7858585785234283
20250907_143021,22913,23066,1.0192769928530696,-0.2768265496536604,0.4924517005930715,-1.7273111271638284,-0.13394082887676897,-0.5780838449457708,-0.13831545639101628
20250907_143021,23770,23857,0.5795888782890003,-0.31463316113930173,-0.13841217547547124,-0.7383392162290532,-0.2606403984196315,7.651105922359251,0.1586086157056289
20250907_143021,26544,26589,0.2997873508391381,-0.14684406528318616,-0.13036781069890185,-2.3668300243702753,0.48695061472260903,-0.04284999684837968,-0.7955432895627024
20250907_143021,26744,26786,0.2798015274498622,-2.3668300243702753,-0.14111280771490275,-0.07904751951295537,-0.28165430531337754,-1.8533318367777663,-0.281841332148414
20250907_143021,32654,32712,0.3863925855260002,-1.9357489525304477,-0.1715853600411291,-0.6413291944761563,-0.21676999466582894,-0.3093936787606499,-0.23878408860476744
20250907_143021,32920,32975,0.36640676213672435,-0.5176366153161555,-0.20749129656414703,-0.30971537990611275,-0.23112877611710442,-0.42386430250868695,0.7865894775342367
20250907_143021,33305,33411,0.7061657597544142,-0.33227288026031143,-0.19819869981964947,-2.1463214624128435,-0.025537467022887207,-0.5144832684848496,-0.01880936748615106
20250907_143021,33741,33789,0.31977317422841395,-1.7068354106754233,-0.03528548234181493,-0.03669501732843724,-0.16511949566017364,-0.7874222348612123,-0.1474531096198575
20250907_143021,34781,34871,0.5995747016782762,-0.08093540774270452,-0.1506318467548206,-0.592993099000578,-0.3469518981588792,-11.441465828863892,9.748420362407263
20250907_143021,37749,37841,0.6128985839377934,-1.0446247652616498,0.05901610340593796,-0.1994580310947294,-0.06855906992901344,-0.19226307706827514,-0.013198126938749475
20250907_143021,38474,38529,0.36640676213672435,-0.1397796632821889,-0.0885113200655325,-0.46872742746248525,-0.16403009671074378,-0.290459464080962,-0.26767750616401303
20250907_143021,42470,42722,1.6788091646991734,-0.3894254510611841,-0.13327866583256737,-0.501353199310833,-0.13204894784689292,-1.9655359754756252,-2.298169070015666
20250907_143021,47297,47336,0.25981570406058635,-0.6871955541742275,-0.5165585280558448,-0.5859964219323252,-0.9354346557726501,-1.0114489748576567,-0.07495450074486287
20250907_143021,54089,54245,1.0392628162423454,-0.5060224098972224,-0.07923514250166679,-0.8120677893177449,-0.15127362280229534,-0.3607390243375,-0.26357211612528203
20250907_143021,67160,67320,1.0659105807613798,-0.6577003478201355,-0.18665262783661057,-0.4545792498285588,-0.6354182350163378,-0.47408679260090436,-0.9005935851115211
20250907_143021,70134,70219,0.5662649960294831,-2.0221267886246257,0.689253283082037,-0.752901578137464,-0.2778981741830908,-0.6743522999695535,-0.8327676406242831
20250907_143021,70714,70775,0.4063784089152761,-0.44062747908307515,-0.6169025655425293,-1.3200891718459282,-0.3627174077402751,-0.9644408843570982,-0.9629566914924623
20250907_143021,71012,71069,0.3797306443962416,-1.3200891718459282,-0.3125659225201541,-0.7002638293142449,-0.8033281131231369,-0.7519118990430247,-1.7908470287479643
20250907_143021,71201,71364,1.0858964041506558,-1.0062364618879407,-0.9629566914924623,-1.332759770321098,-2.2909994464238643,-0.49445113126779067,-0.38065092580257426
20250907_143021,71641,71746,0.6995038186246555,-0.6835182250881098,-1.8937027027557476,-0.5530777935708567,-0.8054266287243971,-1.834224491392555,-0.36270994074497687
20250907_143021,75185,75266,0.5396172315104486,-1.2060543433724178,-0.12825343258674643,-0.3369055522996279,-0.489497240341598,-0.3021168436084623,-0.09700920488440276
20250907_143021,75687,76073,2.5715092760868288,-0.2685317858243652,-0.11279058673388186,-0.6293878857573835,-0.9969979403344182,-1.865194577959622,-0.30889612888410367
20250907_143021,76200,76335,0.8993620525174143,-0.6058385121337172,-1.0343582719970557,-1.865194577959622,-0.2463600328680291,-0.3553696879338694,-0.34217012421913073
20250907_143021,76550,76614,0.42636423230455195,-1.865194577959622,-0.27289971231444726,-0.2782435900122193,-0.31826958627609453,-0.21500982521190223,-0.25027393480815846
20250907_143021,76667,76750,0.5529411137699658,-1.0972674046227087,-0.2632395257833663,-0.24668378828994544,-0.18485215457989754,-0.14455079888947384,-0.1568643805220431
20250907_143021,78154,78202,0.31977317422841395,-4.939076757434099,1.097443406544672,-0.5706156534089304,-0.25953478547095105,-0.36977565218546843,-0.13699059783171658
20250907_143021,78362,78564,1.345712108211242,-0.4023990501857317,-0.2110752633122336,-0.5281039929646848,-0.1490153723977577,-0.3547015011496992,-0.3784619748062754
20250907_143021,79096,79230,0.8927001113876556,-0.3313184241408505,-0.435927644062437,-0.7665405752644012,0.8543449472487377,-0.8425617843074003,0.9198796573276882
20250907_143021,79344,79405,0.4063784089152761,-0.6724648196353898,-0.242718014358995,-0.8005039898506909,0.9678124913116668,-1.8393925138900538,1.164462879835116
20250907_143021,80519,80641,0.8127568178305522,-0.8073314585333564,-0.009505457242052403,-0.46789390763819544,-0.10793696131625209,-0.3698474357351368,-0.2778347160662622
20250907_143021,80930,80978,0.31977317422841395,-0.4054670139300312,-0.13169114209960717,-0.5083098490342279,-0.3341260963578785,-0.34634278321418904,-0.22930624904808783
20250907_143021,81670,81769,0.6595321718461038,-0.2913981454010531,-0.2647106612206414,-0.12952841617621336,-0.13208824286195875,-0.7221146398987333,-0.2213525503240624
20250907_143021,82845,82921,0.5063075258616554,-0.18518553398767712,-0.2251690450286604,-0.08267672604453377,-0.619316446944305,-0.06946856643786331,-0.4106900052655668
20250907_143021,83844,84396,3.6773915036267604,-0.0824084953754426,-0.346178040828139,-0.10001364899762644,-0.23242561691236688,-0.11070758306724233,-0.17738185318808672
20250907_143021,84756,84900,0.9593195226852419,-0.10292581814180474,-0.18326046621673,-0.6084210443788518,-0.23009347180262435,-1.184824881976853,-0.42080628873645887
20250907_143021,85259,85483,1.4922748130659318,-1.2010947649793595,-0.32398276734366604,-0.4750631342660471,-0.36352351252634885,-0.810222000909513,-0.29243138305547567
20250907_143021,86671,86778,0.7128277008841728,-1.4807553390169315,-0.9164669188098584,-4.318689193037096,2.345159944374426,-14.50420296400916,15.579852438677943
20250907_143021,120732,120881,0.992629228334035,-0.679218539402026,-0.352665594600702,-1.666518602482625,-0.9387409896638657,-9.361314888714269,17.587846558521157
20250907_143021,139555,139609,0.3597448210069657,-0.8244691064982508,-0.33467264396098695,-2.051840760399219,-1.5799475999142298,-0.6912023869171315,-0.23184842863013908
20250907_143021,140055,140139,0.5596030548997244,-0.7050139466983241,-0.23654373840976178,-0.9395102259562281,-0.49342544431896995,-9.180583102463572,16.119840655891114
20250907_143021,159501,159564,0.41970229117479335,-4.168746269161564,-0.03717788185522871,-7.082368859613889,1.5518283989303603,-17.737286902535534,19.71999455773857
20250907_143021,166282,166348,0.4396881145640692,-2.379407733789521,0.34496820528272876,-1.0980388397367138,-0.19009885776625762,-15.2459743504482,14.843459353840158
20250907_151901,16684,16989,2.0319001664159546,-1.754951145638271,-0.6627142832300909,-0.5547481947076794,-0.5316138497538387,1.254923915714057,10.207754916526591
20250907_151901,17044,17135,0.606239066045416,-1.6325998007153382,-0.39355341540099203,0.33433478414583007,16.59285515140519,-3.244565196977028,-0.14795425668918188
20250907_151901,38866,38927,0.40638003328319094,-1.1044817349926526,-0.3805143771504687,-7.168409983193987,-2.069636329110352,-19.894240730512585,18.729526942142005
20250907_151901,129331,129647,2.105181811762104,-0.9764522712337633,-0.1747028122896576,-0.6453742403045142,-0.2779741784538743,-2.6266354937734966,-0.6368026853127788
20250907_154801,2011,2133,0.8127638567910085,-0.8139473334768307,0.17558189803164118,0.6184982590731211,-0.06128831788483639,6.992929112373268,-1.105492251359907
20250907_154801,3882,3932,0.33309994130779036,-0.5244648756827935,0.1751024271931526,-0.37764299443067423,0.024262938909678032,-0.14514958766211705,-0.6331190317468747
20250907_154801,4618,4704,0.5729318990493995,-1.4766321730129215,-0.030703097826753654,-0.4145279845001588,0.20443047742634862,-1.0776976642294476,0.14391774461828155
20250907_154801,5455,5554,0.6595378837894249,-0.5429713883778868,-0.08910662092631395,4.513364822662917,-0.12575500850136434,-4.340239669477885,-0.04660213228634799
20250907_154801,7310,7500,1.2657797769696033,-0.537950847899099,-0.11084939430204403,0.02404889589430617,-0.37516777066635393,-0.4014486527960035,1.712507805330124
20250907_154801,22140,22206,0.43969192252628325,-1.3503334976430688,-0.03358683075817813,-1.1854957667958244,0.5362319054845146,-4.504933877701456,2.082954821667627
20250907_154801,25490,25541,0.33976194013394617,-0.6181029486644188,-0.09438390269006967,-1.1530777046767904,-0.1333415192328562,-1.509790485877261,0.2250823657544086
20250907_154801,31692,31830,0.9193558380095014,-1.18777121244518,-0.21806505932618828,-0.35428634341039755,-0.38747156242024955,-5.7943888566167026,2.662270458543956
20250907_154801,33779,33929,0.999299823923371,-0.7520868116442803,-0.07100794467158633,-0.28459147441853827,-0.1057328902454994,-2.9754605530316445,0.74020274578533
20250907_154801,34433,34576,0.9526658321402804,-1.873255478415386,-0.12043146633448545,-0.3268926690651834,0.08691039202537786,-2.546336840632273,1.601855872727609
20250907_154801,46927,47149,1.478963739406589,-3.3125714583566266,-0.058952498177123135,-1.0461476254732411,1.0378566424103213,-1.211806241735946,0.04326242990544497
20250907_154801,47483,47574,0.6062418931801784,-2.258185950515799,0.5881540515470558,-0.6359944684842911,0.3711042022812936,-0.21671046616177148,0.09982133437553423
20250907_154801,48962,49015,0.3530859377862578,-1.429858178663459,-0.03937676358046491,-0.30429666884288614,-0.10920577398171154,-1.4540371347201626,-0.10036397655601972
20250907_154801,62006,62105,0.6595378837894249,-5.041857108032074,-0.04583304373246741,-4.959080667710584,2.261512235714608,-2.7376559868663644,0.6183191637764909
20250907_154801,63293,63331,0.25315595539392066,-1.013801193578548,0.16447622158290962,-0.5962269529033868,-0.024913706984369923,-0.19892490317798597,-0.08401334843923443
20250907_154801,72561,72822,1.7387816936266656,-0.8300048888807419,0.06708528263652805,-2.884787983046002,1.5451087112327275,-6.621027931368403,2.4601753770045005
20250907_154801,75612,75682,0.4663399178309065,-2.418981159366926,-0.3957242535359395,-1.2044496875640436,-0.0026809636914550327,-1.9408314524353565,0.11267163072260086
20250907_154801,80529,80611,0.5462839037447762,-3.4993337827974074,0.15113335484687487,-0.49348312821653634,-0.13198147684945363,-0.13694617192695888,-0.1545483465630243
20250907_154801,84639,84870,1.5389217288419914,-0.07303681745555302,0.04445575811699198,-0.06752887588945271,0.07919744615278176,-0.08508546718696851,0.19023457365291718
20250907_154801,84904,85095,1.2724417757957591,-0.17084600400840116,0.049748235202108367,-0.08508546718696851,0.19023457365291718,-0.10417783286888534,0.1962798586437031
20250907_154801,96232,96283,0.33976194013394617,-1.0342397780439603,-1.6489417358060046,2.556837559044049,-0.09344652796253573,5.29821115416954,0.10987792027523702
20250907_154801,98456,98526,0.4663399178309065,-0.2615961874957643,-0.11682285510905402,-0.1333253617019307,0.07708614971173729,-0.6626783709700641,0.843312964028175
20250907_154801,100838,100892,0.3597479366124136,-3.4980338564887097,1.3930289759398915,-0.13691957892120235,-0.19383643314208804,-0.4169217729197244,1.7369492972616039
20250907_154801,113961,114044,0.552945902570932,-1.1875826568352699,0.2669570523617002,-0.3819136850244576,0.10616638100972153,0.17926731100916887,1.837616761214271
20250907_154801,121871,122089,1.452315744101966,-1.9403051572457752,-0.1364380284996257,-0.2779107923662447,-0.15158033318397263,-0.22729780934664445,-0.4028345787275167
20250907_154801,165314,165371,0.379733933090881,-0.24787566370193295,-0.0962375612754878,-0.2968113832832055,-0.1477516729450868,-0.29781943936895633,-0.25994248551852356
20250907_161657,3581,3676,0.6328911533808379,-0.8940863883053809,-0.07188211909950715,-1.072326868900322,0.4437149235143811,-1.124451078933233,0.18644374995791513
20250907_161657,6327,6595,1.785419253748048,-1.3234754713112409,0.2731255615017326,-3.04290119223262,4.049767816496245,-0.4545459295950395,0.25746795602793365
20250907_161657,9485,9570,0.5662710319723286,-0.6104275107471007,0.03732170224292498,-0.14215792633492366,-0.05665285525835776,-0.07911675260629777,0.4295127896856438
20250907_161657,11664,11728,0.4263687770144592,-2.5503999753096123,-0.26406472290683963,-2.6296114057557842,2.1418757605254592,-7.197289121298945,5.7393730824107765
20250907_161657,19556,19631,0.4996509105638194,-0.29157393987048486,-0.33166801737282897,-2.56375004932862,-0.5649907067389369,-6.7884209339966874,3.7865620494826824
20250907_161657,22683,22847,1.0925699910995517,-0.8860967878323192,0.013232243402592147,-0.1993824755591141,-0.14960614308165465,2.467734144965557,-0.19851670078512698
20250907_161657,100178,100254,0.5063129227046703,-0.8155956675112497,-0.13242846172543657,-0.33206167442469864,-0.13533975260381573,-0.4354941404697798,-0.15930116288483095
20250907_161657,100483,100690,1.3790365131561415,-0.34011336365948164,-0.13533975260381573,-0.21919749950914932,-0.11580252730228086,-0.2225331034363031,-1.0026493648201977
20250907_161657,150398,150498,0.6662012140850925,-1.0203299669044705,-0.01483917486211644,-0.544333894596576,-0.023377053076217066,-1.0323634491051974,-0.2407749645511928
20250907_161657,150690,150785,0.6328911533808379,-0.48707439159319316,-0.023172510696417355,-1.011980337425665,-0.35357300096622685,-3.4172643844569706,1.748372176200533
20250907_161657,155892,155934,0.27980450991573885,-1.0346599550430178,-0.32170883857899274,-0.23622641888319312,1.0082917235043947,0.15978050335561653,1.0075638919724206
20250907_164826,23718,23783,0.4330305006698649,-1.2201265647928732,-0.8511289243652256,-0.9213626276284743,-0.21166400429822227,-0.9163262786274685,-0.6354450118285406
20250907_164826,23818,23986,1.1192172940390355,-0.8591595856410946,-0.173140182943382,-1.0243947040210313,-0.4929860017573444,-1.2294905834064926,-2.115895708749228
20250907_164826,83058,83110,0.3464244005358919,-2.487946515158544,-0.28885730129568277,-2.9217102165190525,-0.35443408196108506,0.4108504769063766,0.4193585615178015
20250907_171538,177,238,0.40638328205797825,-0.9708294391951787,0.07783454258621944,-6.030933145450374,3.907105428808982,-3.882918340385163,2.6793935942598694
20250907_171538,10236,10373,0.912696879376115,-14.134132739578355,-0.663352406578692,-1.192712329698553,0.1510812802405709,-4.76866045798658,9.441561717656377
20250907_171538,17663,17718,0.36641115595391477,-0.9182481449268273,-0.19049774198034547,0.5657006077705906,-0.30991072192960006,1.4093044093452975,-0.32910619543952513
20250907_171538,33701,33812,0.7394843329251735,-0.9295546297249129,-0.10420044456561478,-3.0637987442024968,-0.0004266452131473324,0.9940858866960411,-0.5103143907475536
20250907_171538,38000,38085,0.5662717864742319,-0.19995254776084292,0.024351033473310902,-0.6857301598012413,-0.06036560245753845,-1.6494549700328436,-0.06113835169719727
20250907_171538,74224,74314,0.5995818915609514,-0.7417607905375985,-0.21946874923120724,-1.1810940215265362,-0.5642890783424005,-2.1270366028866174,-0.4258829174133429
20250907_171538,74441,74550,0.7261602908904857,-1.3629554992116455,-0.25779137580403566,-2.1270366028866174,-0.433469380431961,3.1590167987007325,-0.3483931704239445
20250907_171538,133073,133281,1.3857003716075322,-2.04589748840385,-0.33530510776097644,3.9238831129901115,10.360054080786483,2.6325453709191597,-3.7265162645394705
20250907_171538,137799,137850,0.3397630718845392,-5.416550971081932,-0.2396021743259917,0.26020135377466763,-0.1605778232079675,0.2587787683438641,-0.19440268583090048
20250907_174343,8940,9101,1.0725860983514819,-0.41825621644896255,-0.2548461043668683,-1.3696663967506995,-0.7374135083447962,-0.8550820630845302,-0.43441512228087287
20250907_174343,110936,111248,2.078551942146971,-1.4650336457622832,-0.32227550971849334,-0.05588334204652188,-0.11567604465408934,-0.2596640016261062,-0.21495749942342401
20250907_174343,111303,111483,1.1991645820078678,-0.0884556265680432,-0.22604574763494997,-0.2596640016261062,-0.21495749942342401,-0.020542024766901406,-0.12997702976650855
20250907_174343,126509,126776,1.7787607966450039,-1.1656336048228677,-0.3817331389129058,-1.1679943652334996,-0.2023426351760421,-2.5969273415729726,-0.040744334615227196
20250907_174343,127166,127233,0.4463557055251508,-3.0769913594076006,-0.2435802841832837,-2.2083344649162817,-1.7824901861808988,-20.233851800303732,10.921430205636598
20250907_174343,129779,130069,1.9319873821237872,-0.16532867203708274,-0.17494435290775148,0.036709585272971475,-0.22055476265102333,-8.890394654790038,5.016300222500388
20250907_174343,132685,132742,0.3797354509691582,-0.39690004998608375,-0.2291556221402274,-0.2112340161043641,-0.17953326979509046,-2.0054893695896063,-0.4323865518290044
20250907_174343,133740,133806,0.43969368006955156,-3.1620283556531397,1.0870129274995117,-1.041128397340358,-0.18211719444819477,-0.7726198754333392,-0.3414466970086465
20250907_174343,133906,133969,0.41970760370275373,-0.5120582081194334,-0.039502303162159295,-1.3262439825455612,-0.29817857798282227,-0.37786263047902025,-0.11267968748081536
20250907_174343,161314,161358,0.2931291200463677,-2.4409853579660377,0.6503514370427277,-1.4558850627539024,-0.07533468381857576,-0.6074221289862399,-0.17837068945266424
20250907_181225,16470,16601,0.8727253346835038,-1.6536992791336045,-0.02906676571385254,-0.6346364707633634,-0.10441133500846417,-7.206047796345252,0.21087759224870894
20250907_181225,50005,50070,0.43303165461395227,-4.886088048376192,0.42540887308559433,-1.691644594479286,0.04558216177709443,-2.072294822851431,-0.28583565240868963
20250907_183823,3054,3098,0.29312931532986375,-3.811977418281053,-0.3273765931407904,-2.2552839911534424,-0.12132774655297524,-1.4316234213679047,-0.5890960426332892
20250907_183823,3126,3175,0.32643946479916647,-3.2186617150500543,-0.17966455610140872,-1.9955191250107973,-0.13017060880335896,-1.4777321522439582,-0.5890960426332892
20250907_183823,3522,3588,0.4396939729947956,-1.4458272193859785,-0.30575885427716326,-2.5202639802301787,-0.6028846771366708,-1.9982704133523217,-0.38878677738135825
20250907_183823,10532,10711,1.1925033510010365,-0.5959432720466112,-0.1338311320501513,-4.298622284279493,-0.38534503597722713,-3.1998299661762584,-0.4706119570728731
20250907_183823,37242,37284,0.2798052555421427,-2.62954973944508,-1.3722333461155674,-4.0240221331409565,-0.40796308997188385,17.757289948659995,-0.41329192599938436
20250908_154926,109159,109210,0.3397630718845392,-1.6212827513349273,-0.9553606376010062,-0.29409234796236206,-0.3074339124828765,1.404808655347927,6.5632860586821735
20250908_154926,109271,109326,0.36641115595391477,-0.30109682513469926,-0.7784085953107438,-0.3432610551915213,-0.414925170987596,0.5206085339821725,4.653943278579493
20250908_154926,128121,128232,0.7394843329251735,-0.5510460918332585,-0.017763836332657445,-0.31443991362527723,-0.2419263351595411,1.2663427668321607,2.9058410658294687
20250908_154926,176761,176806,0.2997909457804757,-2.7054782125025434,-0.06573564444544744,-1.0576885923284343,6.807057638765833,-0.526781308192893,0.7960685472953755
20250908_161812,2305,2648,2.2850732089489596,-0.38272598701645316,-0.0613020118667333,-0.3856166254303832,-0.24181455951915456,-0.2670832059695923,-0.7943945496203629
20250908_161812,9020,9082,0.4130453030753221,-6.552789093049756,-0.08262465606483084,-0.9630305810785135,0.07511806659566478,-0.5026216817625664,0.549660260700425
20250908_161812,9176,9219,0.2864669037457879,-0.6102210949250338,-0.37553369742419146,-1.5347072582041752,0.8599217801826956,-0.4050391855466978,-0.2853049232730285
20250908_161812,13016,13165,0.9926411315842419,-1.4811687845212878,-0.22320392089496027,-0.5765806120777438,-0.23848928158571156,0.020351644174568844,3.2639283281346674
20250908_161812,14635,14696,0.40638328205797825,-1.1562540176313496,0.17264901384256645,-0.2721572904262788,-0.0773737982793104,-2.0242601499875326,1.0633348042080109
20250908_161812,40338,40377,0.2598188196764123,-7.540834787707366,0.08590537238882773,-1.0416505867218224,-0.02593866997315352,-2.4896825564895884,1.0247195411545484
20250908_161812,48741,49126,2.5648780916774037,-0.19328125811834565,-0.17545265998697476,-0.00671740793935989,0.2411911521504082,0.08930498817032355,0.07773686375944076
20250908_161812,51551,51855,2.0252543892725474,-0.89841466582193,0.029898077006899376,-0.43157546884867576,-0.1467586083892965,-0.40118215794375356,3.093535660855578
20250908_161812,60487,60755,1.7854216326481667,-0.455448027342823,-0.0224181032857326,0.04654895004049371,3.100220807224612,0.7115739696127569,0.6447052353825382
20250908_161812,67548,67788,1.5988850441625373,-2.0886073062839965,0.8464752591901991,0.16546797013488634,-0.30709990194189496,-0.21370698190517481,-1.422981892179614
20250908_161812,74922,75020,0.6528780596997027,-1.598079543086199,0.07651321803290932,-0.2967614890602909,-0.14286248573798663,-4.6618944008197,5.151823719012442
20250908_161812,85812,85954,0.9460069844628346,-0.5753867832863628,-0.055694589505424975,-0.3583181971935757,-0.41617909427090843,-0.40212945729616145,-0.19809944393746884
20250908_161812,100021,100108,0.5795958285089198,-0.9417805861177858,0.16729012444140673,-0.7409151838140143,-0.17774963308998085,-5.74113992194719,3.9801594102026394
20250908_161812,127924,128030,0.706174227838454,-4.027032206648066,0.05094250220953512,-1.0725657438332896,1.1059903000309428,-0.02985331820545931,2.070293988917229
20250908_161812,136400,136465,0.4330313661273538,-1.4128108803922717,0.13153891384252328,-0.8890369086942063,-0.29571707043620854,-7.414347905970012,5.814011895924676
20250908_161812,160864,161013,0.9926411315842419,-1.4238747126601325,-0.08680300594846949,-2.799388133912192,1.1981781765719726,-0.060500767816465545,3.027006498586373
20250908_161812,162182,162303,0.8061045430986126,-6.467297333578161,4.908829513429105,-0.5621161475827205,0.000422975792474192,-0.4967926988522747,-0.03529598510994948
20250908_161812,167405,167538,0.8860487953067394,-0.6325742870166549,0.028341780763512504,-0.712493236169186,4.502851427785124,0.03844594814399864,1.3339816280003003
20250908_161812,168993,169114,0.8061045430986126,-0.20664863765384672,-0.08685628264007698,-0.4804682986976536,-0.5834640256134992,3.1177746067284557,2.533377499864464
20250908_161812,170711,170791,0.5329616813875124,-0.44825775249622113,-0.8736486167986395,0.19595346744428516,0.48243672374739976,-1.4768596060054808,0.9039415274355763
20250908_161812,176385,176500,0.7661324169945491,-2.5422783475391397,-0.17655970008306013,-0.5600618274565232,-0.4164935798307536,-0.11274301399721781,-0.8214325427185066
20250908_161812,178120,178297,1.1791777200698712,-4.920368876576088,-0.33322966025714873,-0.8752087175776653,0.44280447342911794,-0.2500686766570656,0.6813616285866023
20250908_161812,178418,178500,0.5462857234222003,-0.9622315058837687,0.4767325356713888,-0.2500686766570656,0.3448916000383971,0.0032829017602210575,5.28812412075963
20250908_164528,1047,1231,1.225812683830265,-1.453737515550823,-0.00899817986005364,-0.22835257639960224,-0.23794073588556305,-0.6244875784209065,-1.086703643295933
20250908_164528,31317,31475,1.052600021984684,-0.3510428646925832,-0.2576212295329336,-0.5264263012167419,-0.4869903351926106,-1.688452377020748,-0.4119975024280129
20250908_164528,89526,89652,0.8394152074055075,-0.6242138290933905,-1.2300979897815398,-1.8203807511111654,-0.7638675095520258,-1.2648734140015467,-3.127210660162752
20250908_171240,5991,6048,0.3797357039500508,-0.5286265077662421,0.680858198199955,-1.2184261383092727,0.8777341031672563,-0.39251530353969166,-0.058311830349605215
20250908_171240,17997,18058,0.4063838235254929,-0.7848339811908276,-0.22449258639200764,-1.2630858198515904,-1.4631367474939678,-1.5444089764171451,-2.248544133844043
20250908_171240,40542,40590,0.3197774349053059,-0.6986297956385773,-0.09207228197440553,-4.121443635271048,-0.14530596409583824,0.4167473001973119,1.5155053001801408
20250908_171240,62448,62528,0.5329623915088432,-0.7102563853274737,-0.05286962657508243,-0.3279043531042437,-0.4109691989613915,-0.08197468840191627,-0.7712720475477554
20250908_171240,96306,96500,1.2924337994089448,-0.4198830136098309,-0.0019315025565479523,-1.013985997866383,-0.24178114702905815,4.135088642937647,0.14764633531407514
20250908_171240,99149,99193,0.29312931532986375,-0.9790938105472408,-0.0998845058815342,-0.6726789327866178,-0.08953448502190696,-0.7279075492710773,0.08116004260398257
20250908_171240,99369,99519,0.999304484079081,-0.6387689487220837,-0.09232914369014349,-1.1279781107648141,1.9203167993570731,-2.194080108546584,1.062963579259978
20250908_171240,105690,105744,0.35974961426846913,-0.24431996664148695,-0.1541816929272792,-0.5748786379947861,-0.03133507844293507,-0.3833483697405265,0.06284515115374124
20250908_171240,105917,105993,0.5063142719334011,-0.5157034058967671,-0.046901245853017574,-0.3470112739640114,0.05763884332599024,-0.3624290334608275,-0.26198675176202874
20250908_171240,119377,119533,1.0392766634422441,-0.008464730795568046,-0.9965785101788943,-0.15845216443672372,-0.10381292067910806,-0.016059435493689274,-0.40717708107126516
20250908_171240,119578,119773,1.2990958293028052,-0.014483205852653409,-0.2214715883929085,-0.016059435493689274,-0.39830188766171953,-0.6297131249051697,0.18363844914627378
20250908_171240,128584,128696,0.7461473481123805,-0.3040516919503937,-0.10821846674667848,-0.2161414251396332,-0.09623931013913675,-0.8293519617359648,-0.5597478616153287
20250908_171240,140469,140564,0.6328928399167513,-6.574984257786222,-0.06210215897248473,-3.207786341182498,-0.8516200609294069,-1.8510087889121223,8.287533224804667
20250908_171240,162410,162527,0.7794574975816831,-5.430316477493928,0.5450357610639615,-1.0568957967185928,0.551820779261675,-0.6083038641980348,0.1896459948999103
20250908_171240,162639,162969,2.198469864973978,-1.2893647561415278,0.5544762615634805,-0.8335725696221893,-0.422750376658328,-3.794948347033413,0.9612361752142204
20250908_171240,166464,166550,0.5729345708720064,-4.6995857515556345,-0.21378588224846204,-0.6576548770793577,-0.10837844376771097,-1.2791781885278861,-0.21253763259499184
20250908_171240,166594,166742,0.9859804242913599,-1.0250825308736315,-0.19379946885551025,-1.0949779237967643,-0.42473720231372236,-6.287146162474099,15.701600636681778
20250908_171240,177688,177836,0.9859804242913599,-3.725114701288898,-0.17372905797358543,-0.7597559818243801,-0.010558525234773831,-0.6790324621394237,-0.34054866660527244
20250908_173928,754,932,1.185841321107176,-0.39202052720066743,0.004065532293695318,0.22656658480029038,-0.37175159048318085,-0.38428641521985135,-0.38346794296114495
20250908_173928,9692,9744,0.3464255544807481,-0.30944287466917064,0.7061898354834388,0.09566268758634587,-0.20406334803764192,-0.6179178943632541,-0.6014525428061527
20250908_173928,9781,9954,1.1525311716378734,-0.18296662391423316,0.5861834308714932,-0.6179178943632541,-0.5643078557271364,-0.23983456134478354,-0.4706148223645526
20250908_173928,17080,17207,0.8460777965202886,-0.4240320582929906,-0.4571805009428425,-0.2953013861469275,-0.3555739153708568,-0.28585227693872595,-0.339280587494955
20250908_173928,21120,21326,1.3723781581352712,-0.25956148077678176,-0.3761010321654469,-1.3422088287512137,1.1003528762092,-1.2747569048456433,0.30352564962951384
20250908_173928,31889,31975,0.5729345708720064,-0.624060936363661,-0.36874630266207065,-1.5868180513353596,0.9203534079701797,-4.540296816272464,5.58120371459087
20250908_173928,61314,61368,0.35974961426846913,-3.0316090728357934,-0.12924054965751972,-5.17006914308524,4.350021005213191,-4.400393367931602,8.517104915669403
20250908_173928,116790,116843,0.35308758437460863,-1.9647990579060008,-0.7537657047038602,-9.479759986592303,6.8711706701071,-7.727208619889007,5.002541384939755
